主題,關鍵詞,委員數量,委員1,委員1政黨,委員1評分,委員2,委員2政黨,委員2評分,委員3,委員3政黨,委員3評分,委員4,委員4政黨,委員4評分,委員5,委員5政黨,委員5評分
0,"中研院, 校長, 學習歷程檔案, 院士, 高中",118,陳椒華,時代力量,66.63417442468926,鄭正鈐,國民黨,49.4790820106864,張其祿,民眾黨,49.28446136135608,吳思瑤,民進黨,48.86396183888428,萬美玲,國民黨,43.3853809600696
1,"高端, 萬劑, 施打, az, bnt",118,洪孟楷,國民黨,45.64723597583361,陳椒華,時代力量,39.50653635314666,曾銘宗,國民黨,38.78481620620005,邱臣遠,民眾黨,32.44435266614892,賴士葆,國民黨,29.61746795056388
2,"豬肉, 萊克多巴胺, 標示, 美豬, 萊豬",118,陳椒華,時代力量,46.125412952620536,楊瓊瓔,國民黨,35.05171910603531,邱臣遠,民眾黨,32.644344066269696,廖婉汝,國民黨,32.35135901905596,王婉諭,時代力量,32.07373210112564
3,"機車, 駕駛, 道路, 行人, 交通安全",118,邱顯智,時代力量,86.20173806510866,游毓蘭,國民黨,67.30766392755322,林俊憲,民進黨,55.27243953454308,陳椒華,時代力量,51.28543655341491,洪孟楷,國民黨,41.34681456326507
4,"運安會, 臺鐵, 行車, 鐵道局, 臺鐵局",118,陳椒華,時代力量,75.6954828510643,李昆澤,民進黨,62.640686923172325,洪孟楷,國民黨,57.32865176047199,邱顯智,時代力量,52.86677623476135,陳素月,民進黨,47.25196340447292
5,"高鐵, 捷運, 鐵路, 宜蘭, 公路",118,陳歐珀,民進黨,44.99938514782116,劉櫂豪,民進黨,40.66837291768752,賴品妤,民進黨,33.27050675684586,魯明哲,民進黨,28.972805430879816,許智傑,民進黨,24.898005389608443
6,"兩岸, 習近平, 陸委會, 戰略, 臺海",118,江啟臣,國民黨,43.90018783323467,趙天麟,民進黨,43.73576640535612,林昶佐,時代力量,40.32415511610452,陳椒華,時代力量,38.4359142233152,邱臣遠,民眾黨,31.984749370021746
7,"教師, 私校, 私立學校, 退場, 國教",118,范雲,民進黨,62.38461809931323,王婉諭,時代力量,49.05585297103971,林宜瑾,民進黨,43.22082534967922,張廖萬堅,民進黨,43.10164746199735,林奕華,國民黨,39.97303831088357
8,"國發基金, 央行, 主權基金, 債券, 總裁",118,郭國文,民進黨,57.23787294258364,曾銘宗,國民黨,44.44482319569215,高嘉瑜,民進黨,38.53384504024871,羅明才,國民黨,36.842003172962,吳秉叡,民進黨,34.76903584692627
9,"消防, 消防設備, 消防署, 火災, 消防員",118,游毓蘭,國民黨,61.05485661304556,陳椒華,時代力量,44.18502155505121,吳琪銘,民進黨,28.746331768343225,羅美玲,國民黨,27.03196904785,湯蕙禎,民進黨,25.21427569584921
10,"用水, 水庫, 自來水, 再生, 缺水",118,陳椒華,時代力量,65.7562978179194,孔文吉,國民黨,33.711855588131584,楊瓊瓔,國民黨,30.632596561219543,陳超明,國民黨,28.46168612630572,鍾佳濱,民進黨,24.31408956507221
11,"投票, 中選會, 不在籍, 不在籍 投票, 選務",118,張宏陸,民進黨,33.17232330911793,張其祿,民眾黨,31.403009847272187,吳琪銘,民進黨,30.99145899782889,陳椒華,時代力量,30.53872237587348,湯蕙禎,民進黨,29.451068069785837
12,"退伍軍人, 退輔會, 國軍, 軍人, 教召",118,吳斯懷,國民黨,43.345249832607806,廖婉汝,國民黨,30.05149735091254,溫玉霞,民進黨,29.534597052261237,蔡適應,民進黨,29.13343184813857,李德維,民眾黨,26.417087325360622
13,"社會住宅, 租屋, 房東, 租金, 房價",118,邱顯智,時代力量,59.31573086930439,張其祿,民眾黨,44.94518083916046,陳椒華,時代力量,37.31246782839298,張宏陸,民進黨,26.9241534806788,高嘉瑜,民進黨,26.25416691415012
14,"體育署, 選手, 體育, 教練, 足球",118,陳秀寳,民進黨,35.07430267892778,黃國書,民進黨,34.994623315287754,張廖萬堅,民進黨,34.93796148803085,林宜瑾,民進黨,32.99787228181958,王婉諭,時代力量,32.26408031396568
15,"臺鐵, 公司化, 鐵道局, 臺鐵 公司化, 工會",118,陳椒華,時代力量,56.94207639968954,李昆澤,民進黨,46.9674526033923,洪孟楷,國民黨,34.918811621377245,魯明哲,民進黨,32.904208245221525,趙正宇,民進黨,32.65150568494573
16,"藝文, 漫畫, 黃牛, 娛樂稅, 文策院",118,陳秀寳,民進黨,37.18512597726658,賴品妤,民進黨,33.455190137727186,吳思瑤,民進黨,33.307556635234505,黃國書,民進黨,31.252449811203405,張廖萬堅,民進黨,31.175361044472083
17,"數位發展部, 議價, 數發部, 審計, 資通",118,劉世芳,民進黨,27.340036002453417,邱顯智,時代力量,25.4362233489519,張其祿,民眾黨,25.354630030691624,邱臣遠,民眾黨,22.211386908660643,謝衣鳯,國民黨,19.918929673498496
18,"減碳, 碳費, 環保署, 能源, 碳稅",118,陳椒華,時代力量,37.92097680736333,蘇治芬,民進黨,30.935784231172875,張其祿,民眾黨,27.12269251816906,楊瓊瓔,國民黨,24.603090753313158,謝衣鳯,國民黨,23.0950589356944
19,"外役監, 受刑人, 監獄, 假釋, 遴選",118,邱顯智,時代力量,44.503519672725815,陳椒華,時代力量,39.26165792968823,王婉諭,時代力量,28.883575686078984,江永昌,民進黨,27.494085160607938,游毓蘭,國民黨,25.84167704032734
20,"氣候變遷, 環保署, 減量, 溫室氣體, 碳費",118,陳椒華,時代力量,53.59525654977188,洪申翰,民進黨,47.47075822670013,蔡壁如,民眾黨,29.444150452734903,蘇巧慧,民進黨,25.369281384628263,張育美,國民黨,25.30254410416819
21,"拜登, wha, 川普, 邦交國, 美方",118,陳以信,國民黨,38.99199761147611,江啟臣,國民黨,35.29828652786091,溫玉霞,民進黨,34.99621083063539,馬文君,國民黨,26.679948583012447,李德維,民眾黨,23.65622016426641
22,"稅收, 還稅於民, 超徵, 稅率, 扣除額",118,林德福,國民黨,35.97197016654536,賴士葆,國民黨,33.8018087616656,曾銘宗,國民黨,31.07209565374069,鍾佳濱,民進黨,30.99567557568662,羅明才,國民黨,29.051460894057527
23,"廢棄物, 環保署, 垃圾, 事業 廢棄物, 焚化爐",118,陳椒華,時代力量,110.33382882666774,黃秀芳,民進黨,33.10813998407684,洪申翰,民進黨,28.97941040038131,王婉諭,時代力量,25.84022449236363,楊曜,民進黨,20.4592862885911
24,"特教, 霸凌, 幼兒園, 校園, 不當對待",118,王婉諭,時代力量,62.3792905411683,范雲,民進黨,43.598170295590535,林奕華,國民黨,23.8561470892746,陳培瑜,民進黨,22.38966843741946,林宜瑾,民進黨,20.99770953739062
25,"醫師, 物理治療師, 護理, 照護, 榮家",118,邱泰源,民進黨,40.69994229753502,楊曜,民進黨,38.44315323419869,吳玉琴,民進黨,25.60580147616565,陳椒華,時代力量,21.497895495267585,洪申翰,民進黨,16.93980402708985
26,"施打, 接種, 中研院, 施打 疫苗, 萬劑",118,陳椒華,時代力量,42.56203813338652,賴惠員,民進黨,21.31015292229131,黃秀芳,民進黨,20.85991050605662,賴香伶,民眾黨,20.11310282209888,游毓蘭,國民黨,17.837029514601454
27,"雇主, 職災, 工會, 無薪假, 職業病",118,邱顯智,時代力量,43.71790162310936,王婉諭,時代力量,38.16177345532924,吳玉琴,民進黨,33.40109026362188,賴香伶,民眾黨,29.940341067966077,陳椒華,時代力量,28.291528033092614
28,"員警, 分局, 治安, 警員, 警察局",118,游毓蘭,國民黨,83.95054242911283,陳椒華,時代力量,36.509097824804485,張宏陸,民進黨,26.48107430979144,邱顯智,時代力量,21.64124591916334,莊瑞雄,民進黨,18.57707245857455
29,"原民會, 部落, 原住民 健康, 原鄉, 文健站",118,孔文吉,國民黨,64.1178545919247,高金素梅,國民黨,48.826326988171786,陳瑩,民進黨,48.78196951281279,廖國棟,國民黨,36.860796321881935,羅美玲,國民黨,21.21393682155758
30,"後備, 國軍, 義務役, 部隊, 陸軍",118,馬文君,國民黨,34.76385884429328,廖婉汝,國民黨,33.535419104387984,何志偉,民進黨,29.088928972603757,蔡適應,民進黨,28.89044760144316,江啟臣,國民黨,27.35029588558245
31,"法官, 司法院, 律師, 國民法官, 判決",118,邱顯智,時代力量,49.07991727581248,游毓蘭,國民黨,44.43021261692047,曾銘宗,國民黨,31.526028097607195,劉建國,民進黨,29.89169472642243,陳椒華,時代力量,27.339287621201947
32,"肥料, 農會, 漁民, 種植, 農產品",118,翁重鈞,國民黨,46.56070967251435,楊瓊瓔,國民黨,40.30347466049716,蘇治芬,民進黨,31.642302053514868,陳椒華,時代力量,23.975500481086783,賴瑞隆,民進黨,22.328185251448303
33,"大法官, 國民法官, 提名, 司法院, 法官",118,邱顯智,時代力量,24.686801517847925,賴香伶,民眾黨,24.422761811409146,陳椒華,時代力量,24.37657199590467,李貴敏,國民黨,24.325997735606503,鄭運鵬,民進黨,23.323972137412056
34,"印度, 病毒, 感染, 居家隔離, 入境",118,陳椒華,時代力量,26.286047837231308,洪孟楷,國民黨,19.51064080838114,賴惠員,民進黨,17.54360179696232,林昶佐,時代力量,17.140620915219188,劉建國,民進黨,15.710882106795909
35,"動支, 減列 凍結, 整目, 刪減, 始得 動支",118,林昶佐,時代力量,22.158934487961236,江永昌,民進黨,14.306951384089189,邱議瑩,民進黨,14.185636138397967,陳椒華,時代力量,13.759326098806923,孔文吉,國民黨,12.348569545953069
36,"檢疫, 居家 檢疫, 居家, 感染, 疫情 指揮中心",118,洪孟楷,國民黨,32.91674709832296,楊瓊瓔,國民黨,22.846711397869512,陳椒華,時代力量,22.2708019441925,張育美,國民黨,19.21970520401373,蘇巧慧,民進黨,17.2938102921471
37,"監察委員, 人權委員會, 考試院, 考試, 監委",118,邱顯智,時代力量,33.91961298673414,陳椒華,時代力量,30.83429981279187,江永昌,民進黨,23.980789228575304,黃世杰,民進黨,23.196362594375387,曾銘宗,國民黨,22.56389918900095
38,"性騷擾, 申訴, 性別, 歧視, 職場",118,范雲,民進黨,57.21349245030433,賴品妤,民進黨,26.534135633148253,王婉諭,時代力量,24.57632685615681,陳椒華,時代力量,23.307217116700485,邱顯智,時代力量,20.250017912359908
39,"再生醫療, 健保, 癌症, 製劑, 新藥",118,陳椒華,時代力量,54.29909225029405,張育美,國民黨,52.01931834744755,邱泰源,民進黨,27.325650312006477,莊競程,民進黨,26.874291972722855,吳玉琴,民進黨,26.405380921205506
40,"農田水利, 水利會, 台糖, 農地, 灌溉",118,陳椒華,時代力量,96.12301612994634,蘇治芬,民進黨,40.63766270480119,陳亭妃,民進黨,25.30357391491998,廖國棟,國民黨,22.365861984086223,謝衣鳯,國民黨,20.011034121504053
41,"觀光局, 國旅, 旅客, 觀光署, 觀光客",118,林俊憲,民進黨,28.643098199157976,許淑華,國民黨,28.306735889753327,李昆澤,民進黨,24.707676271442324,陳素月,民進黨,22.57946349098347,洪孟楷,國民黨,22.12218200112693
42,"停電, 電網, 缺電, 變電所, 供電",118,陳椒華,時代力量,33.5996045623906,楊瓊瓔,國民黨,24.42728544026613,洪孟楷,國民黨,22.65900768339634,呂玉玲,國民黨,16.884856977383606,賴瑞隆,民進黨,16.79271468752995
43,"囤房, 房屋, 稅率, 房價, 房地合一",118,高嘉瑜,民進黨,39.86449203756638,陳椒華,時代力量,34.81711171637289,沈發惠,民進黨,31.314154599793252,吳秉叡,民進黨,31.245110432384536,曾銘宗,國民黨,29.587076029041786
44,"故宮, 博物館, 文物, 南院, 參觀",118,林宜瑾,民進黨,35.09559504222125,陳秀寳,民進黨,33.09927929448895,陳椒華,時代力量,31.826202833792195,黃國書,民進黨,27.124553703237325,吳思瑤,民進黨,27.10516250855289
45,"法官, 審判, 司法院, 國民法官, 判決",118,江永昌,民進黨,53.96851025428623,邱顯智,時代力量,40.32154029072262,陳椒華,時代力量,27.15258945501409,周春米,民進黨,26.7984232082963,吳玉琴,民進黨,25.924600107828155
46,"原能會, 核能, 核廢料, 核電廠, 除役",118,陳椒華,時代力量,32.91491868556477,陳秀寳,民進黨,27.63543134718202,賴品妤,民進黨,25.788570440839976,林宜瑾,民進黨,23.571321899071336,鄭正鈐,國民黨,23.56506347912364
47,"軍公教, 退休金, 調薪, 新制, 銓敘部",118,吳斯懷,國民黨,24.91763042565435,游毓蘭,國民黨,24.5514196108561,林奕華,國民黨,15.646966375177726,鄭正鈐,國民黨,15.000035841017962,江永昌,民進黨,14.32279324834235
48,"醫師, 護理, 健保, 診所, 照護",118,邱泰源,民進黨,85.02984870970249,張育美,國民黨,31.024790888186544,陳瑩,民進黨,25.166308061685413,吳玉琴,民進黨,21.685925512108952,陳椒華,時代力量,18.19431024766527
49,"停課, 冷氣, 校園, 遠距, 兒童",118,黃國書,民進黨,29.152991697890684,林奕華,國民黨,27.702695457963276,陳秀寳,民進黨,21.08753103762865,陳椒華,時代力量,19.758529882645234,萬美玲,國民黨,19.12087830528617
50,"科技部, 國科會, 公報 公報, 公報, ai",118,吳思瑤,民進黨,34.99791366723366,陳秀寳,民進黨,30.976230872562155,高虹安,民眾黨,29.52535400527995,黃國書,民進黨,24.97179128741845,張廖萬堅,民進黨,22.8686352937948
51,"ncc, 鏡電視, 華視, 頻道, 中天",118,陳椒華,時代力量,58.559954780270346,洪孟楷,國民黨,38.58731291699223,邱顯智,時代力量,25.48359607439488,許智傑,民進黨,22.70100134517997,陳素月,民進黨,17.10102113056928
52,"雙語, 語言, 英語, 客語, 師資",118,湯蕙禎,民進黨,17.544164878083393,管碧玲,民進黨,17.061469295062125,賴香伶,民眾黨,16.51064547803253,孔文吉,國民黨,15.885741343954578,王婉諭,時代力量,15.0999563166406
53,"股市, 升息, 國安基金, 利率, 央行",118,林德福,國民黨,66.32121250964701,羅明才,國民黨,45.37726475065574,曾銘宗,國民黨,43.8302858765237,賴士葆,國民黨,40.299022243823856,李貴敏,國民黨,29.097603084053844
54,"飛彈, 中科院, 武器, 戰力, 軍售",118,馬文君,國民黨,35.62292415322736,趙天麟,民進黨,25.664361369563267,張其祿,民眾黨,25.0296405160334,江啟臣,國民黨,22.20997114409693,廖婉汝,國民黨,22.180511296726763
55,"俄羅斯, 烏克蘭, 制裁, 戰爭, 俄烏戰爭",118,廖婉汝,國民黨,19.995019043330103,張其祿,民眾黨,19.88762754248455,林靜儀,民進黨,16.73121339501813,江永昌,民進黨,16.641759197227657,賴士葆,國民黨,15.961529391352087
56,"美豬, 萊豬, 豬肉, 萊克多巴胺, 美牛",118,楊瓊瓔,國民黨,26.626814508461397,陳椒華,時代力量,20.430824044393376,李德維,民眾黨,17.38703287485987,林奕華,國民黨,16.890789825469255,李貴敏,國民黨,16.396124830120243
57,"提名, 議事, 秘書長 秘書長, 總統府, 中立",118,曾銘宗,國民黨,32.08563002338633,游毓蘭,國民黨,21.50821156497113,洪孟楷,國民黨,19.34300289582461,陳椒華,時代力量,17.08441581344232,孔文吉,國民黨,16.214278554776683
58,"振興, 餐飲業, 紓困 振興, 夜市, 碰券",118,邱臣遠,民眾黨,25.636456741020083,邱顯智,時代力量,24.47733235429041,陳椒華,時代力量,23.224682816537097,洪孟楷,國民黨,17.081613016780466,游毓蘭,國民黨,16.408204095438123
59,"國土, 國土計畫法, 徵收, 國有, 重劃",118,陳椒華,時代力量,99.514495088486,陳明文,民進黨,31.077234369236976,邱顯智,時代力量,19.22816064930521,蘇治芬,民進黨,12.92467228299938,林奕華,國民黨,12.297025313135237
60,"農保, 老農, 老農 津貼, 儲金, 津貼",118,楊瓊瓔,國民黨,30.98510989593342,曾銘宗,國民黨,27.332540376577526,鍾佳濱,民進黨,24.774103328352798,邱議瑩,民進黨,18.82191518181935,陳亭妃,民進黨,17.121649185894057
61,"表決, 行政命令, 各黨, 表決 表決, 開議",118,柯建銘,民進黨,40.60149408504367,曾銘宗,國民黨,23.367000018246472,張其祿,民眾黨,21.965575486188754,林為洲,國民黨,19.20790396118537,邱臣遠,民眾黨,18.68431162717752
62,"酒駕, 被害人, 司法院, 羈押, 法官",118,游毓蘭,國民黨,30.739583523012698,邱顯智,時代力量,27.45369554986246,陳椒華,時代力量,23.077777000842616,吳玉琴,民進黨,19.104646375169978,洪孟楷,國民黨,18.45273579610512
63,"景氣, 成長率, 主計長, gdp, imf",118,林德福,國民黨,34.005106715951115,張其祿,民眾黨,27.75892210216261,曾銘宗,國民黨,25.181273996364325,賴瑞隆,民進黨,23.532950492575765,賴士葆,國民黨,21.94026829884388
64,"cptpp, rcep, 談判, 會員國, 核食",118,邱臣遠,民眾黨,24.02301067172084,張其祿,民眾黨,22.12046458828263,楊瓊瓔,國民黨,21.72358404344413,邱志偉,民進黨,21.044671223149635,曾銘宗,國民黨,19.729924248880707
65,"海洋, 海委會, 藻礁, 保育, 海洋 保育",118,陳椒華,時代力量,42.29421451292001,蔡易餘,民進黨,23.55298115708865,蔡壁如,民眾黨,17.251692946767434,羅美玲,國民黨,17.223451653961092,林文瑞,國民黨,16.655784440692514
66,"總預算, 預算法, 主計長, 中央政府 總預算, 第六 十二條",118,曾銘宗,國民黨,30.053984697908163,陳椒華,時代力量,27.75840919790789,張其祿,民眾黨,26.879768148995936,翁重鈞,國民黨,24.851778568001464,李貴敏,國民黨,23.72222586767748
67,"旅館, 防疫 旅館, 機師, 檢疫, 航空公司",118,洪孟楷,國民黨,33.42293399386108,李昆澤,民進黨,17.10985719738528,游毓蘭,國民黨,14.37964811269194,賴惠員,民進黨,13.214328052476048,魯明哲,民進黨,13.094162651337683
68,"法官, 司法院, 檢察官, 判決, 出境",118,陳椒華,時代力量,43.473977444227785,林思銘,民眾黨,27.18136241589673,游毓蘭,國民黨,25.69455532799475,邱顯智,時代力量,24.23132682661526,劉世芳,民進黨,23.989063738612455
69,"戰爭, 軍事, 臺海, 中共, 陸委會",118,王定宇,民進黨,26.93366675521247,曾銘宗,國民黨,21.90530547616072,吳斯懷,國民黨,21.023325643502176,趙天麟,民進黨,20.88865311187692,陳椒華,時代力量,17.092491679592058
70,"公視, 華視, taiwanplus, 公共電視, 頻道",118,萬美玲,國民黨,23.31229106034152,洪孟楷,國民黨,19.58977164165117,鄭正鈐,國民黨,19.380249362671748,高虹安,民眾黨,15.7751427621115,黃國書,民進黨,15.26564078987576
71,"精神疾病, 社會安全網, 病人, 精神衛生法, 病患",118,王婉諭,時代力量,46.55282627791166,吳玉琴,民進黨,33.87523065484129,邱泰源,民進黨,26.88279988244176,賴香伶,民眾黨,20.45290666865185,張育美,國民黨,16.865849344525486
72,"獵槍, 展限, 原民會, 保留地, 部落",118,孔文吉,國民黨,51.640628087101504,廖國棟,國民黨,28.681418232852597,陳椒華,時代力量,28.39504750422202,邱顯智,時代力量,26.865839942824092,管碧玲,民進黨,19.24191207322292
73,"道歉, 開議, 農業部, 雞蛋, 陳水扁",118,陳椒華,時代力量,20.334124406566843,莊瑞雄,民進黨,15.302729972172529,洪孟楷,國民黨,15.154346158960834,柯建銘,民進黨,14.498410990461707,邱臣遠,民眾黨,14.28475560597144
74,"再生能源, 能源, 發電, 綠電, 光電",118,蘇治芬,民進黨,35.38512394577265,林岱樺,民進黨,22.953906185459346,邱志偉,民進黨,20.15970426378772,陳椒華,時代力量,16.281816409435123,洪申翰,民進黨,15.606619495898483
75,"基本工資, 最低工資, 勞保, 加薪, 雇主",118,陳椒華,時代力量,21.267622246872637,蔣萬安,國民黨,20.863690335070714,楊瓊瓔,國民黨,17.705140898469836,洪孟楷,國民黨,15.140803654678166,徐志榮,國民黨,14.855312299681827
76,"國安局, 僑委會, 兩岸, 翻譯, 陸委會",118,陳以信,國民黨,23.032367011532187,洪孟楷,國民黨,20.53757589228917,溫玉霞,民進黨,19.04309149144683,蔡適應,民進黨,16.75532649178058,游毓蘭,國民黨,14.371618608478457
77,"主計長, 舉債, 債務, 總預算, pfi",118,曾銘宗,國民黨,32.93812565412372,李貴敏,國民黨,22.59620114741847,賴士葆,國民黨,19.631743563106284,張其祿,民眾黨,17.48729944298975,翁重鈞,國民黨,17.117325318511575
78,"考試院, 加班, 銓敘部, 考試, 總處",118,賴香伶,民眾黨,25.77601252146997,邱顯智,時代力量,23.7455088814022,陳椒華,時代力量,23.138312669936568,江永昌,民進黨,17.684744305326603,黃世杰,民進黨,15.170411539962515
79,"客家, 客委會, 客語, 客家人, 客庄",118,湯蕙禎,民進黨,21.968902782071385,林思銘,民眾黨,17.531722258776426,吳琪銘,民進黨,17.10012999898754,游毓蘭,國民黨,16.458846282446757,陳椒華,時代力量,15.73064450523816
80,"總裁, 央行, 升息, 通膨, 匯率",118,曾銘宗,國民黨,46.61621895735152,林德福,國民黨,33.44611844001338,張其祿,民眾黨,27.151041724951934,賴士葆,國民黨,25.486839616671205,李貴敏,國民黨,24.344173920806497
81,"詐騙, 帳戶, 詐騙集團, 檢察官, 打詐",118,游毓蘭,國民黨,21.763627156848088,邱顯智,時代力量,18.54687518859282,李貴敏,國民黨,16.457764263032004,洪孟楷,國民黨,15.476548252161592,陳椒華,時代力量,15.37872660672292
82,"pcr, 健身房, 試劑, 篩劑, 症狀",118,陳椒華,時代力量,34.119365287944674,邱泰源,民進黨,26.78218643879518,張育美,國民黨,20.844248320674524,蘇巧慧,民進黨,14.890899796504527,楊瓊瓔,國民黨,12.913999408250676
83,"詐騙, 數發部, 打詐, 資外, 詐騙集團",118,游毓蘭,國民黨,27.339211703045294,李貴敏,國民黨,22.226628348464143,高嘉瑜,民進黨,16.178317725658417,陳椒華,時代力量,15.875972617184743,邱顯智,時代力量,15.542496253969148
84,"促轉會, 轉型正義, 提名, 3+11, 黨產會",118,陳椒華,時代力量,21.51191847887821,張其祿,民眾黨,19.198265405371785,洪孟楷,國民黨,17.506032455246896,邱顯智,時代力量,16.34502124832943,游毓蘭,國民黨,15.719786073081195
85,"教召, 軍中, 國軍, 軍人, 官兵",118,王定宇,民進黨,20.775757309049368,游毓蘭,國民黨,20.664227340370417,陳以信,國民黨,19.11841652309522,陳椒華,時代力量,18.605480897938836,邱顯智,時代力量,17.97992251254618
86,"黨產會, 不當黨產, 附隨組織, 黨產, 在野黨",118,張其祿,民眾黨,19.3073239417281,陳椒華,時代力量,18.025934766745195,李貴敏,國民黨,16.202187073184177,鄭運鵬,民進黨,14.991168561391532,王美惠,民進黨,13.145585160935298
87,"客戶, 理專, 公益信託, 臺銀, atm",118,陳椒華,時代力量,47.71639869874343,高嘉瑜,民進黨,37.16793575929478,江永昌,民進黨,22.588145376648757,林楚茵,民進黨,20.14344796864316,郭國文,民進黨,20.051718682050705
88,"移工, 看護, 雇主, 外籍, 印尼",118,洪申翰,民進黨,29.27027504146099,賴惠員,民進黨,17.295446675503626,黃秀芳,民進黨,16.793534502852708,游毓蘭,國民黨,15.46193928993307,楊曜,民進黨,14.620192698668689
89,"發言人, 總統府, 華視, 高端, 政治責任",118,洪孟楷,國民黨,23.516812038375065,賴士葆,國民黨,18.037951388861984,曾銘宗,國民黨,15.343163359444588,陳椒華,時代力量,15.14374795369804,邱顯智,時代力量,12.594152870820835
90,"抽砂, 海域, 海巡署, 海洋, 海委會",118,陳椒華,時代力量,19.742271872237325,鍾佳濱,民進黨,16.37148667545989,邱顯智,時代力量,14.287671162281184,湯蕙禎,民進黨,13.674352085683497,林思銘,民眾黨,13.421381149208171
91,"原民會, 原住民 學校, 原住民族學校法, 部落, 師資",118,高金素梅,國民黨,89.0233842813177,孔文吉,國民黨,41.67950133467093,王美惠,民進黨,12.934058258542793,陳瑩,民進黨,11.01480360084679,管碧玲,民進黨,10.918143535382114
92,"海軍, 海巡, 南海, 空軍, 作戰",118,江啟臣,國民黨,28.77840437414125,廖婉汝,國民黨,25.0572065054439,邱臣遠,民眾黨,20.931050173705444,陳椒華,時代力量,20.68621016445104,趙天麟,民進黨,19.17432994069532
93,"保險公司, 保險業, 保單, 產險, 保費",118,陳椒華,時代力量,25.307948325295,高嘉瑜,民進黨,24.75149925751612,江永昌,民進黨,16.278553345473483,郭國文,民進黨,15.477643235353751,鍾佳濱,民進黨,14.97464078455232
94,"報稅, 中小企業, 振興, 降息, 展延",118,曾銘宗,國民黨,35.795143894385546,林楚茵,民進黨,22.22883378039114,羅明才,國民黨,21.552882043644782,邱志偉,民進黨,17.847161751473323,陳椒華,時代力量,14.481658024946228
95,"振興, 武漢肺炎, 全民共享, 南方, 濟急",118,邱顯智,時代力量,12.708984285593033,林奕華,國民黨,12.209251219406724,邱志偉,民進黨,12.05060455109924,曾銘宗,國民黨,11.819186434149742,楊瓊瓔,國民黨,11.76112910034135
96,"檢調, 調查局, 偵查不公開, 毒品, 富邦",118,陳椒華,時代力量,25.60228232527152,曾銘宗,國民黨,22.067091112956405,邱顯智,時代力量,16.862214546650648,游毓蘭,國民黨,15.86121127475053,李貴敏,國民黨,15.187032247427853
97,"陸委會, 統戰, 護照, 僑民, 僑委會",118,陳柏惟,基進黨,26.7948707388714,王定宇,民進黨,23.09255715692416,何志偉,民進黨,17.15842314949259,林楚茵,民進黨,16.288573008961976,游毓蘭,國民黨,15.45956504251808
98,"萬片, 口罩 口罩, 藥局, 產能, 護照",118,游毓蘭,國民黨,18.50094462838024,楊瓊瓔,國民黨,14.850571911316363,馬文君,國民黨,14.846322354627771,林奕華,國民黨,14.002382145030424,洪孟楷,國民黨,13.227094644447789
99,"投票, 中選會, 罷免, 選委會, 連署",118,張宏陸,民進黨,21.17709295405075,王美惠,民進黨,17.181833608075976,邱顯智,時代力量,16.11501507135108,陳椒華,時代力量,13.601342558162289,管碧玲,民進黨,13.035945825045928
100,"無人機, 空軍, 彈射, 5e, 飛機",118,陳椒華,時代力量,20.412891443585977,林俊憲,民進黨,16.9395367722027,鍾佳濱,民進黨,16.570976492250338,陳以信,國民黨,12.993845451856032,江啟臣,國民黨,11.376470979070293
101,"育嬰, 女性, 生育率, 產假, 少子化",118,王婉諭,時代力量,18.978217092342675,蔣萬安,國民黨,18.764207100728527,范雲,民進黨,14.413180594798176,陳椒華,時代力量,13.85529502760619,黃秀芳,民進黨,10.888459058944136
102,"詐騙, ncc, 簡訊, ip, line",118,游毓蘭,國民黨,23.86817729333416,洪孟楷,國民黨,15.355647833785042,蔡易餘,民進黨,13.706054326845331,湯蕙禎,民進黨,11.580803953111172,林奕華,國民黨,10.319807274267076
103,"中小企業, 萬家, 振興, 信保基金, 紓困 貸款",118,曾銘宗,國民黨,17.603447957197204,羅明才,國民黨,15.353276234818622,翁重鈞,國民黨,15.328366383677348,鍾佳濱,民進黨,14.981389361433685,楊瓊瓔,國民黨,13.38337811944075
104,"食材, 營養午餐, 飲食, 營養, 學校衛生法",118,王婉諭,時代力量,17.63041859655641,陳椒華,時代力量,16.866342877037823,高虹安,民眾黨,13.597300604684278,范雲,民進黨,12.791592622175813,張廖萬堅,民進黨,11.321866462705657
105,"貿易, 談判, fta, 協定, 世紀 貿易",118,陳椒華,時代力量,26.83262394205667,江啟臣,國民黨,22.10437168495264,楊瓊瓔,國民黨,21.570772933540862,張其祿,民眾黨,19.330832925625145,羅致政,民進黨,18.602423656149767
106,"宏都拉斯, 巴拉圭, 立陶宛, 斷交, 捷克",118,王定宇,民進黨,21.86429801606573,陳椒華,時代力量,16.54215316521004,蔡適應,民進黨,15.746396439848468,林昶佐,時代力量,15.74564833380282,邱臣遠,民眾黨,12.707976000616329
107,"農田水利, 災害, 天然 災害, 天然, 農會",118,翁重鈞,國民黨,24.9461458302103,蔡易餘,民進黨,19.42432377487421,陳椒華,時代力量,17.574071567039937,陳亭妃,民進黨,16.97425901913084,孔文吉,國民黨,15.496675273170696
108,"社區治療, 強制 社區治療, 治療, 強制住院, 病人",118,邱泰源,民進黨,30.782360572833568,楊瓊瓔,國民黨,15.48204361833632,邱顯智,時代力量,14.66847167769447,陳椒華,時代力量,14.193907773820683,孔文吉,國民黨,13.183518085163088
109,"檢察官, 起訴, 偵辦, 地檢署, 偵查",118,邱顯智,時代力量,23.83352352003567,游毓蘭,國民黨,23.50471075391397,陳椒華,時代力量,22.525251059094444,江永昌,民進黨,13.925772877875715,劉建國,民進黨,13.658822615863755
110,"排放, 原能會, 核廢水, 輻射, 福島",118,陳椒華,時代力量,37.15183477732353,鄭正鈐,國民黨,13.184059559833258,黃國書,民進黨,13.06014335877262,楊瓊瓔,國民黨,10.947840401902797,王婉諭,時代力量,10.388892011716962
111,"公共工程, 流標, 招標, 調解, 最有利標",118,林俊憲,民進黨,27.174036173848435,陳素月,民進黨,21.048991285962984,許智傑,民進黨,16.980394505895674,趙正宇,民進黨,14.769108274951575,邱顯智,時代力量,14.642894798424097
112,"馬祖, 登山, 大橋, 公路, 機場",118,陳雪生,國民黨,26.650664140935987,蘇震清,民進黨,16.563002444105223,蔡易餘,民進黨,13.781105767935514,陳椒華,時代力量,12.995138923171908,許智傑,民進黨,10.957567832665518
113,"辦公, 疫情 指揮中心, who, 異地, 臺商",118,廖婉汝,國民黨,15.95093064988032,劉世芳,民進黨,13.964001254877076,洪孟楷,國民黨,13.668702882016078,邱臣遠,民眾黨,12.488016246585175,游毓蘭,國民黨,11.627700898097828
114,"潮州, 新莊, 六塊, 地方創生, 嘉義縣",118,陳椒華,時代力量,31.621738722082227,蘇震清,民進黨,16.79262860142626,蔡易餘,民進黨,11.767020512139425,廖國棟,國民黨,11.042677807621658,孔文吉,國民黨,10.249972106423227
115,"多層次傳銷, 傳銷, 公平交易, 高通, 壟斷",118,邱顯智,時代力量,20.129265520954505,林岱樺,民進黨,18.731951545458287,陳椒華,時代力量,17.31580296624452,邱志偉,民進黨,13.852327320259064,楊瓊瓔,國民黨,13.37878668983467
116,"半導體, 晶片, 製程, 供應鏈, 產創條例",118,邱志偉,民進黨,17.699558892985806,邱顯智,時代力量,13.305472009815276,蔡易餘,民進黨,11.981085017090663,陳椒華,時代力量,11.653178915381432,張廖萬堅,民進黨,11.37068655784242
117,"加班, 加班費, 工時, 總處, 時數",118,賴香伶,民眾黨,24.1558801853098,邱顯智,時代力量,16.368571538012475,陳椒華,時代力量,14.424833728466185,江永昌,民進黨,14.064536823658273,游毓蘭,國民黨,13.413673616480082
118,"露營, app, 觀光局, 客委會, 客庄",118,陳椒華,時代力量,23.70309068053029,劉櫂豪,民進黨,15.190092402743176,許智傑,民進黨,13.20517278299667,邱顯智,時代力量,10.53499288437888,李德維,民眾黨,10.283911540638655
119,"國安局, 機密, 國軍, 潛艦, 情報",118,劉世芳,民進黨,19.97794884839095,邱臣遠,民眾黨,17.757415020489134,游毓蘭,國民黨,13.87595482217148,陳椒華,時代力量,13.476247536716984,江啟臣,國民黨,13.263479158864357
120,"刪減, 減列 減列, 旅費, 決算, 刪減 刪減",118,賴士葆,國民黨,25.551398418378085,高嘉瑜,民進黨,12.704845803789794,張其祿,民眾黨,11.475263252621517,郭國文,民進黨,11.285077339969575,邱顯智,時代力量,10.854635376716033
121,"毒品, 調查局, 證物, 遺失, 公斤",118,陳椒華,時代力量,22.36121253343299,游毓蘭,國民黨,19.437341740122065,邱顯智,時代力量,13.754520807415249,鄭運鵬,民進黨,13.059728028951213,黃世杰,民進黨,11.286904830252752
122,"太空, 太空中心, 發射, 科技部, 火箭",118,鍾佳濱,民進黨,22.7793088395847,陳椒華,時代力量,18.429569253814407,林宜瑾,民進黨,17.896737720584497,楊瓊瓔,國民黨,17.48046382830944,高虹安,民眾黨,17.442298134672455
123,"故宮, 博物館, 館長, 國史館, 文物",118,范雲,民進黨,17.426337654935196,黃國書,民進黨,17.097663996275514,王婉諭,時代力量,14.309901853790508,林奕華,國民黨,13.90140944882296,吳思瑤,民進黨,13.115022224141285
124,"動物, 寵物, 動保法, 動保, 野生動物",118,陳椒華,時代力量,30.54201171221212,邱顯智,時代力量,21.183787209447477,陳亭妃,民進黨,20.28754171926994,呂玉玲,國民黨,19.29061342217028,楊瓊瓔,國民黨,16.48523181618657
125,"中科院, 飛彈, 招標, 戰力, 海空 戰力",118,馬文君,國民黨,18.610876987688243,曾銘宗,國民黨,15.723129118327051,陳以信,國民黨,14.95428101462312,高金素梅,國民黨,14.897314400179312,蔡適應,民進黨,14.658619804074988
126,"股東會, 股東, 日盛, 委託書, 中資",118,吳秉叡,民進黨,28.867200266569853,高嘉瑜,民進黨,28.63431755756028,陳椒華,時代力量,24.93128973548301,林楚茵,民進黨,21.528730398975316,沈發惠,民進黨,21.12347991997376
127,"營業秘密, 國安局, 關鍵技術, 竊取, 挖角",118,陳椒華,時代力量,19.056094855070118,張其祿,民眾黨,11.638379535637796,湯蕙禎,民進黨,9.514229568187147,林俊憲,民進黨,9.176681770477444,林昶佐,時代力量,9.15254341554828
128,"中油, 電價, 油價, 虧損, 天然氣",118,張其祿,民眾黨,20.313193758018315,楊瓊瓔,國民黨,16.047529364470392,陳明文,民進黨,15.423809988424182,孔文吉,國民黨,14.3082235744223,呂玉玲,國民黨,13.47678011842072
129,"物價, cpi, 主計長, 通膨, 上漲",118,林德福,國民黨,23.76601013308391,楊瓊瓔,國民黨,15.164125068113208,曾銘宗,國民黨,14.451590518001469,謝衣鳯,國民黨,11.282984501915053,張其祿,民眾黨,10.95182106271386
130,"職災, 營造業, 職業 災害, 缺工, 雇主",118,蘇巧慧,民進黨,15.13298372644931,楊瓊瓔,國民黨,13.233333581127226,邱顯智,時代力量,13.0271703384351,洪孟楷,國民黨,11.421254290966315,洪申翰,民進黨,11.263523628236726
131,"機場, 民航局, 桃機, 華航, 航空公司",118,陳歐珀,民進黨,18.98332462250255,陳椒華,時代力量,18.761819120729346,陳雪生,國民黨,16.600002979161218,李昆澤,民進黨,15.124453648691995,洪孟楷,國民黨,13.16484373016283
132,"鳳梨, 外銷, 農產品, 品種, 水果",118,楊瓊瓔,國民黨,15.809361635474488,賴瑞隆,民進黨,13.890285659115762,林岱樺,民進黨,13.19904401456006,陳亭妃,民進黨,11.9546563772019,陳椒華,時代力量,11.30439964029938
133,"影像, 性私密影像, 散布, 被害人, 下架",118,王婉諭,時代力量,24.059644025866877,高嘉瑜,民進黨,16.24096160265617,范雲,民進黨,15.133423325954936,游毓蘭,國民黨,14.24255441641435,吳玉琴,民進黨,13.412384324357843
134,"海巡, 海巡署, 海上, 海域, 海軍",118,游毓蘭,國民黨,18.308445748407397,陳椒華,時代力量,12.002596885198727,張其祿,民眾黨,11.915992414113134,湯蕙禎,民進黨,11.793841867009178,蔡適應,民進黨,11.26454809634015
135,"5g, 4g, 基地, ncc, 電信業",118,陳椒華,時代力量,15.937635170994326,許淑華,國民黨,14.383635978680104,陳素月,民進黨,12.826660070801154,李昆澤,民進黨,12.77153372624889,劉櫂豪,民進黨,12.58209981606342
136,"債務, 舉債, 舉借, 稅收, 打房",118,曾銘宗,國民黨,22.454797617625445,吳秉叡,民進黨,20.80407858313993,陳椒華,時代力量,17.63527050591074,李貴敏,國民黨,16.040435845497996,賴士葆,國民黨,13.40730992006138
137,"ncc, 電信, ott, 電信業, 5g",118,李昆澤,民進黨,22.881573665188625,陳素月,民進黨,17.01516982866451,林俊憲,民進黨,16.951072576106526,何欣純,民進黨,15.183220600825734,陳椒華,時代力量,13.261473065242171
138,"年齡, 修憲, 民法, 十八歲, 十八歲公民權",118,邱顯智,時代力量,19.81930706743151,陳椒華,時代力量,10.853946536313742,周春米,民進黨,10.628538435557855,吳玉琴,民進黨,10.07465343666263,劉世芳,民進黨,9.882174601545556
139,"國務機要費, 機要, 審計部, 懲戒, 迴避",118,賴士葆,國民黨,19.799517649691552,曾銘宗,國民黨,16.82838104479015,李貴敏,國民黨,16.39613185613416,張其祿,民眾黨,13.454273098381236,陳以信,國民黨,10.074915956240147
140,"公路, 橋梁, 軌道, 總局, 公路 總局",118,陳椒華,時代力量,17.44095993996598,劉櫂豪,民進黨,16.775899291504174,魯明哲,民進黨,13.111705015413463,陳歐珀,民進黨,11.209707368630916,邱顯智,時代力量,11.198229225352408
141,"蒜頭, 農產品, 糧食, 外銷, 農藥",118,蘇治芬,民進黨,22.86433226824738,蘇震清,民進黨,12.517132429173216,邱志偉,民進黨,11.556159016676247,陳亭妃,民進黨,11.161146730650216,陳明文,民進黨,10.972451826790348
142,"蘇貞昌 蘇貞昌, 改名, 除罪化, 下台, 貪污",118,陳椒華,時代力量,15.039475476602092,邱顯智,時代力量,14.388721319381148,游毓蘭,國民黨,13.315570385428146,賴香伶,民眾黨,10.275042102439327,洪孟楷,國民黨,9.052089940290898
143,"地震, 防災, 災害, 災防, 氣象局",118,陳椒華,時代力量,31.02914990822319,陳素月,民進黨,14.57075299602002,李昆澤,民進黨,14.482152270909864,陳秀寳,民進黨,12.91922919487115,傅崐萁,國民黨,12.245142918545753
144,"行動支付, 五倍券, 發票, 中小企業, pay",118,楊瓊瓔,國民黨,17.630071484250948,邱臣遠,民眾黨,12.441489093005655,洪孟楷,國民黨,10.943825030233713,陳椒華,時代力量,10.84848404652439,郭國文,民進黨,10.270722349407151
145,"寺廟, 宗教團體, 故宮, 馬祖, 地方創生",118,陳椒華,時代力量,15.356890108669177,孔文吉,國民黨,14.100034821080044,楊瓊瓔,國民黨,11.365771483629942,翁重鈞,國民黨,11.09573128609918,鍾佳濱,民進黨,10.834518472664058
146,"轉型正義, 促轉會, 威權, 二二八, 促轉",118,陳椒華,時代力量,38.28867451439146,洪申翰,民進黨,20.42911405186169,楊瓊瓔,國民黨,19.345545505173504,邱顯智,時代力量,16.941934099886566,孔文吉,國民黨,16.917240581358783
147,"看護, 移工, 勸募, 家庭 看護, 雇主",118,吳玉琴,民進黨,15.63443344924599,游毓蘭,國民黨,12.437778781633824,陳椒華,時代力量,12.347843972966077,林奕華,國民黨,11.668482273584232,莊競程,民進黨,10.794026019750165
148,"國家機密, 機密, 國安局, 國家機密 保護法, 解密",118,陳椒華,時代力量,23.36380615178496,邱顯智,時代力量,12.251863110577688,劉世芳,民進黨,12.12108454760164,李貴敏,國民黨,10.771045652683824,江永昌,民進黨,10.339645431609824
149,"修憲, 公民權, 複決, 修憲 門檻, 修憲 修憲",118,張其祿,民眾黨,23.64608435705304,邱顯智,時代力量,18.59894906869158,管碧玲,民進黨,13.220163641497493,柯建銘,民進黨,12.494789176853374,陳椒華,時代力量,11.404515648260713
150,"病毒, covid, 接種, 試劑, 萬劑",118,陳椒華,時代力量,19.17755069443956,張育美,國民黨,15.604763673152776,蘇巧慧,民進黨,9.600039349868894,蔡壁如,民眾黨,9.499499532394111,陳以信,國民黨,9.446868079714475
151,"宣讀, 議事, 順序, 代為, 議案",118,范雲,民進黨,21.899553104303777,林楚茵,民進黨,21.78953006118536,湯蕙禎,民進黨,19.76863644667901,羅美玲,國民黨,19.310304569546133,吳玉琴,民進黨,17.577742258785293
152,"遊戲, 玩家, 五倍券, 經銷商, 綁定",118,高嘉瑜,民進黨,17.34145232802257,鍾佳濱,民進黨,15.43057553190738,楊瓊瓔,國民黨,14.027619315776974,邱顯智,時代力量,13.178803304210303,洪孟楷,國民黨,11.796202913392335
153,"雞蛋, 缺蛋, 萬顆, 蛋價, 禽流感",118,楊瓊瓔,國民黨,24.758204972487874,陳椒華,時代力量,24.020456130383536,蘇治芬,民進黨,22.505210771458223,謝衣鳯,國民黨,20.77425484079868,洪申翰,民進黨,18.398753147921525
154,"身心障礙, 社會福利, 身障, 無障礙, 身障者",118,王婉諭,時代力量,22.690833321074024,吳玉琴,民進黨,17.894165993202478,范雲,民進黨,15.993547885213047,莊競程,民進黨,11.112296308623629,游毓蘭,國民黨,9.948494001058862
155,"群組, 政風, 農場, 家暴, 宗教",118,陳椒華,時代力量,17.497886282391846,廖國棟,國民黨,12.888114042580128,邱顯智,時代力量,11.275373365497217,洪孟楷,國民黨,9.55228668730706,楊瓊瓔,國民黨,7.2903649306390435
156,"檢疫, 居家 檢疫, 居家, 旅館, 感染",118,陳椒華,時代力量,12.933459993684664,楊曜,民進黨,12.644801461603492,游毓蘭,國民黨,9.56949826516211,洪孟楷,國民黨,9.346768371062351,陳素月,民進黨,9.196782472077755
157,"老人, 扶養, 失智, 高齡, 長者",118,吳玉琴,民進黨,28.32059161690995,劉建國,民進黨,13.61340742977336,陳瑩,民進黨,12.838426327100024,吳斯懷,國民黨,9.158142468426377,王婉諭,時代力量,9.094736914383247
158,"人民團體, 提名, 陳水扁, 國務機要費, 人身自由",118,邱顯智,時代力量,16.535491347080097,陳椒華,時代力量,12.846793487435209,曾銘宗,國民黨,9.25097184162587,鍾佳濱,民進黨,8.892043736297637,劉世芳,民進黨,8.468899248400703
159,"跟蹤, 跟蹤 騷擾, 騷擾, 被害人, 跟騷法",118,陳椒華,時代力量,19.30844235955737,范雲,民進黨,15.958429906051606,游毓蘭,國民黨,13.626667437842116,邱顯智,時代力量,12.160442025400698,吳玉琴,民進黨,10.132927915779874
160,"耐震, 建築物, 容積, 重建, 危老",118,管碧玲,民進黨,17.10960995219648,羅美玲,國民黨,15.316542886663228,陳椒華,時代力量,13.704428980126975,張其祿,民眾黨,12.366627466399224,江永昌,民進黨,10.766164094675332
161,"虛擬, 貨幣, 虛擬 貨幣, 洗錢, p2p",118,江永昌,民進黨,24.51034224173054,林楚茵,民進黨,18.28496444085613,李貴敏,國民黨,16.953114537056535,郭國文,民進黨,14.36551264161244,高嘉瑜,民進黨,13.2615311590489
162,"總預算, 地制法, 開議, 收案, 禮拜二",118,柯建銘,民進黨,18.358878578990694,張其祿,民眾黨,15.137617154978216,陳椒華,時代力量,14.072706648381429,林奕華,國民黨,9.591593920020388,洪申翰,民進黨,9.163260080385951
163,"記帳, 工地 主任, 工地, 科技 偵查, 公會",118,邱顯智,時代力量,17.040639518061653,陳椒華,時代力量,11.516207611653954,曾銘宗,國民黨,10.992204757407308,游毓蘭,國民黨,10.488447725307196,洪孟楷,國民黨,9.577294526156038
164,"自殺, 兒童, 兒少, 早療, 青少年",118,王婉諭,時代力量,30.06059824489057,陳椒華,時代力量,14.311802037525922,范雲,民進黨,13.326576051767915,吳玉琴,民進黨,9.488089134218171,林昶佐,時代力量,6.978602027986199
165,"警械, 槍枝, 改造, 員警, 槍械",118,張其祿,民眾黨,21.831172306323424,游毓蘭,國民黨,18.68463172065094,邱顯智,時代力量,11.268851443426684,林思銘,民眾黨,9.669286681106314,羅美玲,國民黨,9.455858164234089
166,"電動車, 電動, 電池, 機車, 燃油",118,張其祿,民眾黨,13.301350583089516,陳椒華,時代力量,13.29251146921888,高嘉瑜,民進黨,12.732257472118365,洪孟楷,國民黨,9.719378656474872,楊瓊瓔,國民黨,9.44277704670094
167,"專業人才, 就業 金卡, 金卡, 延攬, 攬才",118,陳椒華,時代力量,11.94585638330318,邱顯智,時代力量,10.293270931579173,李德維,民眾黨,10.242384270532057,何志偉,民進黨,9.14720464660786,鍾佳濱,民進黨,8.427767235320061
168,"供應鏈, 紅色 供應鏈, 紅色, 臺商, 中天",118,蔡易餘,民進黨,15.796147799119352,張其祿,民眾黨,9.954085897654297,吳秉叡,民進黨,9.02091136551462,蘇治芬,民進黨,8.978561606025323,邱議瑩,民進黨,8.97425684868358
169,"急難, 急難 紓困, 急難 救助, 救助, 分支",118,賴香伶,民眾黨,11.717509312322363,洪申翰,民進黨,9.024123774375768,楊瓊瓔,國民黨,8.763088460080326,高嘉瑜,民進黨,8.083434453234076,蘇巧慧,民進黨,6.866372683085501
170,"港澳, 國安法, 移民, 陸委會, 居留",118,陳椒華,時代力量,13.0679331633728,林楚茵,民進黨,9.636657713679597,趙天麟,民進黨,9.211238587042317,邱顯智,時代力量,9.150627078255638,賴香伶,民眾黨,8.807347115594894
171,"砂石, 廢棄物, 農地, 污染, 環保署",118,陳椒華,時代力量,70.05417176987976,賴瑞隆,民進黨,9.584440695354717,孔文吉,國民黨,8.803973527392372,吳玉琴,民進黨,5.908555316738784,游毓蘭,國民黨,5.706742642447352
172,"加熱, 吸菸, 抽菸, 害防 制法, 害防",118,陳椒華,時代力量,15.01303926645778,蔡易餘,民進黨,11.704929957399145,洪孟楷,國民黨,11.334675303194672,吳玉琴,民進黨,10.487867546267807,蘇巧慧,民進黨,9.65128356590867
173,"薪酬, 董事, 獎金, 中低收入, 盈餘",118,曾銘宗,國民黨,17.14934235205874,高嘉瑜,民進黨,10.887168924324214,吳玉琴,民進黨,10.51391505333595,江永昌,民進黨,10.399573937989771,王婉諭,時代力量,9.319037123350428
174,"夜市, 抵用券, 行動支付, 振興, pay",118,楊瓊瓔,國民黨,15.20487718982622,邱臣遠,民眾黨,13.500391509616747,陳椒華,時代力量,12.088381596608087,郭國文,民進黨,11.093862853711473,洪孟楷,國民黨,10.958050199551508
175,"養殖, 漁電共生, 光電, 漁民, 離岸風電",118,陳椒華,時代力量,18.134278418961912,翁重鈞,國民黨,13.054878479801118,邱志偉,民進黨,11.555981545243412,洪申翰,民進黨,9.010212800232694,林岱樺,民進黨,8.632769438205287
176,"六點, 議事, 表決, 職權 行使, 第四點",118,陳椒華,時代力量,11.820326209068298,曾銘宗,國民黨,10.406763171660714,莊瑞雄,民進黨,9.25332809612155,張其祿,民眾黨,8.946558620547876,鄭運鵬,民進黨,7.27808301046025
177,"中油, 管線, 天然氣, 台糖, 工安",118,陳椒華,時代力量,20.163103377912197,楊瓊瓔,國民黨,11.65101730870083,邱志偉,民進黨,10.00951638794504,張其祿,民眾黨,9.591422627447171,林岱樺,民進黨,8.965409146388993
178,"泰國, 僑委會, 僑民, 僑務, 僑務委員",118,吳斯懷,國民黨,17.11562878335826,陳椒華,時代力量,14.199022348271685,陳以信,國民黨,13.40430042007938,李貴敏,國民黨,8.227211568388157,游毓蘭,國民黨,8.213788469554856
179,"升格, 行政區劃, 地制法, 嘉義市, 直轄市",118,洪孟楷,國民黨,11.314589211717248,王美惠,民進黨,10.959885702934116,陳明文,民進黨,8.890008153161034,陳椒華,時代力量,8.394647809443995,鄭正鈐,國民黨,7.26908698794432
180,"高齡, 高齡 就業, 青年, 女性, 勞動力",118,吳玉琴,民進黨,12.1173637364991,楊瓊瓔,國民黨,8.83225835999474,陳椒華,時代力量,8.559347331756726,游毓蘭,國民黨,8.141273739282042,吳斯懷,國民黨,7.27816049894318
181,"地方創生, 離島, 新竹縣, 竹北, 創生",118,陳玉珍,國民黨,11.33161778235808,張其祿,民眾黨,9.4022590178065,陳亭妃,民進黨,9.218894376885146,林思銘,民眾黨,9.175829750718547,蘇治芬,民進黨,8.965728742768988
182,"考試, 考試院, 考選部, 考生, 律師",118,游毓蘭,國民黨,16.39284902298823,高嘉瑜,民進黨,14.306165789719673,邱顯智,時代力量,11.431322281248868,黃世杰,民進黨,11.057346690446138,陳椒華,時代力量,9.765032711904496
183,"總統府, 國安會, 滿意度, 高教, 軍紀",118,鄭麗文,國民黨,11.058188238414004,李貴敏,國民黨,11.041619287570938,陳椒華,時代力量,10.965849119704217,劉世芳,民進黨,8.032179533271119,曾銘宗,國民黨,7.984007981372997
184,"放假, 節日, 金門, 馬祖, 離島",118,陳椒華,時代力量,10.50349323102273,廖婉汝,國民黨,8.410649372730404,林德福,國民黨,7.721035261405632,陳玉珍,國民黨,7.117380816489458,陳雪生,國民黨,6.705685620894656
185,"科學園區, 園區, 產業園區, 加工出口, 竹科",118,賴瑞隆,民進黨,23.374377857893705,邱志偉,民進黨,11.74260910297744,蔡易餘,民進黨,9.84974914533086,王婉諭,時代力量,8.43590496876277,邱顯智,時代力量,8.257685883902013
186,"僑生, 僑委會, 僑界, 僑務, 僑校",118,陳椒華,時代力量,26.86100431298837,楊瓊瓔,國民黨,20.355463227722797,邱臣遠,民眾黨,18.422282134415585,王婉諭,時代力量,13.354640880133957,孔文吉,國民黨,12.245330780395308
187,"船員, 官兵, 發燒, 感染, 檢疫",118,陳椒華,時代力量,11.130095491418617,游毓蘭,國民黨,11.12286019383464,趙天麟,民進黨,8.877998509327881,邱顯智,時代力量,7.8891394877573475,林昶佐,時代力量,6.889915036736056
188,"顧問, 影響力, 吹哨, 學歷, 文創",118,陳椒華,時代力量,15.203400890342891,邱志偉,民進黨,10.214378078700976,游毓蘭,國民黨,9.18163597676903,鍾佳濱,民進黨,8.929532079258934,楊瓊瓔,國民黨,7.791233651107177
189,"休假, 上班, 放假, 合作社, 移工",118,陳椒華,時代力量,10.490530097158626,游毓蘭,國民黨,10.370940217515454,吳玉琴,民進黨,8.325094285421073,李昆澤,民進黨,6.889150785515085,鍾佳濱,民進黨,6.590751515235752
190,"中華郵政, 郵政, 郵局, 臺鐵, 物流",118,林俊憲,民進黨,10.971714767860249,陳素月,民進黨,10.856642914935946,陳椒華,時代力量,10.219166787574068,邱顯智,時代力量,10.057211101986468,李昆澤,民進黨,7.019938150886446
191,"新南向, 面談, 經貿, 貿易, rcep",118,陳椒華,時代力量,7.681672484148294,謝衣鳯,國民黨,7.028358166222461,張其祿,民眾黨,6.742313573253341,楊瓊瓔,國民黨,6.498672510613687,鍾佳濱,民進黨,6.210298537276685
192,"關島, 僑社, 僑胞, 華視, 僑委會",118,陳椒華,時代力量,9.03857339581009,楊瓊瓔,國民黨,8.065921158646233,劉世芳,民進黨,7.800538375391625,呂玉玲,國民黨,6.961239387164824,洪申翰,民進黨,5.842374236439355
193,"收養, 離婚, 婚姻, 同婚, 同志",118,邱顯智,時代力量,11.516484282677991,鄭麗文,國民黨,11.023208084050566,王婉諭,時代力量,9.997748175868765,范雲,民進黨,9.501696131424978,陳椒華,時代力量,8.044610769255087
194,"中油, 查德, 華信, 興辦, 藻礁",118,陳椒華,時代力量,10.25164073263295,賴瑞隆,民進黨,9.174028281820938,翁重鈞,國民黨,9.042943408712745,楊瓊瓔,國民黨,6.951565420022234,邱臣遠,民眾黨,6.552732479060069
195,"村里, 補助費, 里長, 政治獻金, 公園",118,陳椒華,時代力量,9.628581281518564,張其祿,民眾黨,7.447744568111375,賴瑞隆,民進黨,7.323971437755972,邱顯智,時代力量,6.618413399672136,洪孟楷,國民黨,5.577984326286241
196,"難民, 承攬, 移民署, 勞務 承攬, 律師",118,邱顯智,時代力量,10.502170318970457,陳椒華,時代力量,10.49701348436065,吳玉琴,民進黨,7.83525153901428,王婉諭,時代力量,6.512236180482432,游毓蘭,國民黨,5.691970377694815
197,"居留, 移民署, 外國人, 投信, 社工師",118,吳玉琴,民進黨,15.933746657334268,邱顯智,時代力量,10.366083305794746,羅美玲,國民黨,9.447561415145174,陳椒華,時代力量,9.115769548341632,陳琬惠,民進黨,6.443372652400285
198,"ky, 會計師, 上市, 證交所, 監理",118,陳椒華,時代力量,9.108103011036292,邱顯智,時代力量,9.077725331531838,張其祿,民眾黨,7.668164157308638,郭國文,民進黨,7.336352245183662,林楚茵,民進黨,5.566675631795079
199,"影視, 劇場, 從業人員, 工時, 拍攝",118,陳秀寳,民進黨,7.06043706741184,高嘉瑜,民進黨,6.501178247388452,陳椒華,時代力量,6.329131692647934,游毓蘭,國民黨,6.312586103798822,范雲,民進黨,6.15901813050732
