委員,政黨,主題數量,主題1,主題1評分,主題1關鍵詞,主題2,主題2評分,主題2關鍵詞,主題3,主題3評分,主題3關鍵詞,主題4,主題4評分,主題4關鍵詞,主題5,主題5評分,主題5關鍵詞
江啟臣,國民黨,165,4,64.67524049619526,"退輔會, 教召, 軍人",3,52.59641928392843,"兩岸, 習近平, 陸委會",31,35.01738885554926,"國軍, 中科院, 國防",94,32.20035852161081,"客家, 客委會, 客語",0,28.496146912606903,"豬肉, 萊克多巴胺, 標示"
陳亭妃,民進黨,155,6,48.45560282271548,"農民, 農會, 肥料",11,26.083348887891734,"體育署, 選手, 體育",71,25.327255396743865,"法官, 審判, 國民法官",0,25.261427007542064,"豬肉, 萊克多巴胺, 標示",58,23.967905596062568,"農民, 老農, 農保"
魯明哲,民進黨,125,5,38.33380767451976,"捷運, 高鐵, 公路",13,29.198641778636546,"臺鐵, 鐵道局, 高鐵",78,29.11326938264548,"振興, 振興券, 抵用券",30,26.3973642134485,"法官, 司法院, 國民法官",44,22.098854607928654,"ncc, 鏡電視, 頻道"
賴品妤,民進黨,162,19,32.961150417718926,"教師, 私校, 私立學校",29,31.65550551561243,"藝文, 漫畫, 藝術",5,31.371952695126076,"捷運, 高鐵, 公路",11,29.25820296875651,"體育署, 選手, 體育",38,26.71259566703076,"原能會, 核能, 核廢料"
范雲,民進黨,158,19,82.22551060261958,"教師, 私校, 私立學校",37,56.761582737658784,"性騷擾, 申訴, 性別",80,36.55913619120806,"特教, 家長, 幼兒園",14,36.136573010993786,"故宮, 博物館, 文物",177,36.006854837975375,"調解, 公共工程, 政府採購法"
孔文吉,國民黨,176,24,83.42744332789398,"農田水利, 水利會, 台糖",35,71.36827596151261,"原民會, 部落, 原住民 健康",168,56.885036218899465,"紅色 供應鏈, 供應鏈, 紅色",68,47.97495091019079,"獵槍, 原民會, 保留地",129,37.62426265736892,"股東會, 股東, 日盛"
劉世芳,民進黨,184,4,41.23569815970814,"退輔會, 教召, 軍人",36,31.22017644386448,"監察委員, 人權委員會, 考試院",31,28.80664237177813,"國軍, 中科院, 國防",3,27.448879011228637,"兩岸, 習近平, 陸委會",9,27.22860613862392,"投票, 中選會, 不在籍"
林淑芬,民進黨,163,4,26.161608033556227,"退輔會, 教召, 軍人",3,20.967672885850394,"兩岸, 習近平, 陸委會",31,19.51901286855127,"國軍, 中科院, 國防",30,17.247837489164873,"法官, 司法院, 國民法官",18,14.03509391157196,"廢棄物, 環保署, 垃圾"
萬美玲,國民黨,148,50,30.008092309016572,"課綱, 學習歷程檔案, 學習歷程",19,29.413110044030635,"教師, 私校, 私立學校",2,25.25504215154754,"高端, 萬劑, 施打",11,24.26145468433128,"體育署, 選手, 體育",93,24.021999096679345,"總預算, 表決, 開議"
張育美,國民黨,111,57,46.09402403904436,"健保, 醫師, 護理",1,38.058322441770144,"氣候變遷, 環保署, 減碳",180,32.228425099902495,"泰國, 護照, 緬甸",2,32.04720622452365,"高端, 萬劑, 施打",51,28.72552140284543,"停課, 家長, 冷氣"
鄭正鈐,國民黨,152,11,29.392139198008376,"體育署, 選手, 體育",20,26.856770340283603,"施打, 接種, 施打 疫苗",50,26.77597780663233,"課綱, 學習歷程檔案, 學習歷程",38,25.953350571630097,"原能會, 核能, 核廢料",43,25.316972655137512,"校長, 學院, 校務"
林德福,國民黨,170,17,70.83088089046326,"稅收, 稅率, 還稅於民",53,62.13205822246701,"股市, 國安基金, 升息",7,50.94254241122656,"央行, 國發基金, 主權基金",87,49.03276810905558,"總裁, 央行, 升息",6,44.95625316876166,"農民, 農會, 肥料"
林奕華,國民黨,176,0,43.75614244228449,"豬肉, 萊克多巴胺, 標示",19,35.45662605049316,"教師, 私校, 私立學校",93,33.063128284998754,"總預算, 表決, 開議",6,32.48119259442144,"農民, 農會, 肥料",11,29.42612854239437,"體育署, 選手, 體育"
楊瓊瓔,國民黨,196,6,78.25853418903927,"農民, 農會, 肥料",0,62.26706527549687,"豬肉, 萊克多巴胺, 標示",1,39.79840989870947,"氣候變遷, 環保署, 減碳",8,36.36497856270676,"用水, 水庫, 自來水",38,34.43764724689429,"原能會, 核能, 核廢料"
張宏陸,民進黨,149,9,42.92614109501174,"投票, 中選會, 不在籍",33,32.71961496103762,"凍結 凍結, 減列, 減列 凍結",12,30.868853464302184,"社會住宅, 房東, 租屋",143,30.292871016065614,"修憲, 公民權, 修憲 門檻",34,25.195921216523374,"大法官, 國民法官, 司法院"
廖婉汝,國民黨,179,4,60.23751668346589,"退輔會, 教召, 軍人",31,36.73113077687469,"國軍, 中科院, 國防",6,35.52579306153446,"農民, 農會, 肥料",0,35.48190859592629,"豬肉, 萊克多巴胺, 標示",3,33.07021445754846,"兩岸, 習近平, 陸委會"
郭國文,民進黨,156,7,51.19642508109271,"央行, 國發基金, 主權基金",17,41.720633469005136,"稅收, 稅率, 還稅於民",83,35.43859306324222,"pcr, 健身房, 試劑",87,33.763152448880625,"總裁, 央行, 升息",40,30.84483255144848,"囤房, 房屋, 稅率"
江永昌,民進黨,176,71,42.14928195202729,"法官, 審判, 國民法官",7,39.55637079377635,"央行, 國發基金, 主權基金",33,35.6187648042434,"凍結 凍結, 減列, 減列 凍結",17,35.11771319623766,"稅收, 稅率, 還稅於民",12,28.42970020583788,"社會住宅, 房東, 租屋"
蔡壁如,民眾黨,165,1,46.079651892521184,"氣候變遷, 環保署, 減碳",38,37.65966492905815,"原能會, 核能, 核廢料",0,30.54304456912626,"豬肉, 萊克多巴胺, 標示",6,27.03388201421324,"農民, 農會, 肥料",18,21.403649689190143,"廢棄物, 環保署, 垃圾"
吳玉琴,民進黨,150,16,38.9932420672026,"醫師, 護理, 物理治療師",15,36.38387557400053,"雇主, 職災, 移工",2,35.7209039900456,"高端, 萬劑, 施打",66,34.98012695429548,"精神疾病, 病人, 社會安全網",113,34.11805570898768,"提名, 大法官, 考試院"
馬文君,國民黨,115,4,57.75618716116814,"退輔會, 教召, 軍人",31,45.67780672671748,"國軍, 中科院, 國防",26,37.42933998866727,"中科院, 飛彈, 國防",68,31.33833490322129,"獵槍, 原民會, 保留地",94,30.12059149539909,"客家, 客委會, 客語"
賴惠員,民進黨,161,6,30.92724826217038,"農民, 農會, 肥料",2,30.650777358790855,"高端, 萬劑, 施打",158,24.318930437073064,"急難, 急難 紓困, 急難 救助",20,24.01983635134141,"施打, 接種, 施打 疫苗",21,22.177094557668468,"總統府, 秘書長 秘書長, 發言人"
洪孟楷,國民黨,188,21,55.981763645578894,"總統府, 秘書長 秘書長, 發言人",2,45.62407721416197,"高端, 萬劑, 施打",69,38.66702674975317,"旅館, 防疫 旅館, 機師",44,38.52365349085771,"ncc, 鏡電視, 頻道",46,38.49905502312743,"運安會, 事故, 臺鐵"
劉建國,民進黨,175,30,27.86974076732642,"法官, 司法院, 國民法官",4,27.714080413547983,"退輔會, 教召, 軍人",6,27.42823006656381,"農民, 農會, 肥料",21,26.529973366674625,"總統府, 秘書長 秘書長, 發言人",5,21.78863758086521,"捷運, 高鐵, 公路"
陳柏惟,基進黨,129,4,41.01666406962909,"退輔會, 教召, 軍人",3,30.506492345397007,"兩岸, 習近平, 陸委會",100,26.049746307196376,"陸委會, 統戰, 僑民",185,17.44922081699597,"地方創生, 創生, pay",45,17.16380297431035,"軍事, 戰爭, 國防"
王婉諭,時代力量,180,19,55.10954393372105,"教師, 私校, 私立學校",66,50.59250291603293,"精神疾病, 病人, 社會安全網",0,46.37150151378745,"豬肉, 萊克多巴胺, 標示",28,42.820511759269856,"特別預算, 總預算, 預算法",15,41.71877793900008,"雇主, 職災, 移工"
高虹安,民眾黨,168,2,30.594959409480698,"高端, 萬劑, 施打",42,28.191748449143176,"國科會, 科技部, 公報 公報",0,23.80541235941013,"豬肉, 萊克多巴胺, 標示",21,23.696462347251256,"總統府, 秘書長 秘書長, 發言人",8,23.039895347744817,"用水, 水庫, 自來水"
賴士葆,國民黨,162,17,56.16246917612869,"稅收, 稅率, 還稅於民",87,46.04772479517865,"總裁, 央行, 升息",0,36.72105256132375,"豬肉, 萊克多巴胺, 標示",53,33.30017659324097,"股市, 國安基金, 升息",21,33.07712115564098,"總統府, 秘書長 秘書長, 發言人"
黃世杰,民進黨,155,9,31.272561255204703,"投票, 中選會, 不在籍",5,30.251352815657704,"捷運, 高鐵, 公路",30,28.905289775877275,"法官, 司法院, 國民法官",36,26.928609264393614,"監察委員, 人權委員會, 考試院",34,26.34820200966588,"大法官, 國民法官, 司法院"
陳椒華,時代力量,199,18,130.80496009630306,"廢棄物, 環保署, 垃圾",24,95.2630145899342,"農田水利, 水利會, 台糖",11,94.8549749831018,"體育署, 選手, 體育",27,90.57605095389444,"駕駛, 機車, 行人",1,87.97984467114884,"氣候變遷, 環保署, 減碳"
邱臣遠,民眾黨,186,0,42.48927403418419,"豬肉, 萊克多巴胺, 標示",6,41.66834524280368,"農民, 農會, 肥料",2,35.257348506069675,"高端, 萬劑, 施打",78,33.58465958515264,"振興, 振興券, 抵用券",4,31.62155897656895,"退輔會, 教召, 軍人"
林為洲,國民黨,155,0,31.818088853199257,"豬肉, 萊克多巴胺, 標示",6,20.88653694803355,"農民, 農會, 肥料",93,18.796207683307557,"總預算, 表決, 開議",34,18.726251771802065,"大法官, 國民法官, 司法院",72,16.05427449311231,"再生醫療, 癌症, 製劑"
蔣萬安,國民黨,127,2,24.31174660793065,"高端, 萬劑, 施打",0,22.35359969339933,"豬肉, 萊克多巴胺, 標示",57,20.79485634306017,"健保, 醫師, 護理",158,20.574187770626573,"急難, 急難 紓困, 急難 救助",1,20.05640137927315,"氣候變遷, 環保署, 減碳"
蔡易餘,民進黨,185,6,39.34161131770003,"農民, 農會, 肥料",71,37.11856008350513,"法官, 審判, 國民法官",8,33.39468892597563,"用水, 水庫, 自來水",11,24.516610589807136,"體育署, 選手, 體育",64,22.78008603333217,"海洋, 海委會, 保育"
高嘉瑜,民進黨,191,7,51.654386389932704,"央行, 國發基金, 主權基金",157,48.15701289724478,"電動車, 電動, 電池",56,44.12559312775143,"客戶, 理專, 行庫",40,40.12666623669782,"囤房, 房屋, 稅率",87,35.2450556075779,"總裁, 央行, 升息"
翁重鈞,國民黨,130,6,78.6377699237564,"農民, 農會, 肥料",71,45.21896285208185,"法官, 審判, 國民法官",28,31.65723140017239,"特別預算, 總預算, 預算法",90,27.780193638033936,"中小企業, pfi, 主計長",0,25.598463398225704,"豬肉, 萊克多巴胺, 標示"
鄭麗文,國民黨,158,21,15.719948408329287,"總統府, 秘書長 秘書長, 發言人",4,15.243076548947489,"退輔會, 教召, 軍人",97,14.864221611052578,"道歉, 總統府, 雞蛋",156,14.124543573167909,"鑑定, 家暴, 法官",25,14.000003054303631,"黨產會, 表決, 不當黨產"
曾銘宗,國民黨,183,17,67.09924061336682,"稅收, 稅率, 還稅於民",87,66.02301133245412,"總裁, 央行, 升息",21,57.44223369170379,"總統府, 秘書長 秘書長, 發言人",7,43.14429435694729,"央行, 國發基金, 主權基金",53,42.41658368445382,"股市, 國安基金, 升息"
李德維,民眾黨,186,4,51.60273720364224,"退輔會, 教召, 軍人",0,39.211941558775024,"豬肉, 萊克多巴胺, 標示",14,33.133087593113416,"故宮, 博物館, 文物",68,32.09765107151573,"獵槍, 原民會, 保留地",6,31.82933062065829,"農民, 農會, 肥料"
游毓蘭,國民黨,193,22,86.0,"員警, 分局, 治安",10,63.6024789317874,"消防, 消防設備, 消防署",156,55.66664729646639,"鑑定, 家暴, 法官",27,49.45863471522013,"駕駛, 機車, 行人",41,46.62835924871641,"感染, 指揮中心, 檢疫"
莊瑞雄,民進黨,171,22,25.5,"員警, 分局, 治安",6,24.818127674057024,"農民, 農會, 肥料",64,16.980945632229194,"海洋, 海委會, 保育",35,16.709881407631457,"原民會, 部落, 原住民 健康",143,16.14020836156571,"修憲, 公民權, 修憲 門檻"
邱泰源,民進黨,92,16,67.59606768820689,"醫師, 護理, 物理治療師",57,64.32636810047791,"健保, 醫師, 護理",2,61.78813267841648,"高端, 萬劑, 施打",180,54.09706252508532,"泰國, 護照, 緬甸",92,28.025454594939443,"社區治療, 公共衛生, 治療"
賴香伶,民眾黨,186,2,32.5766791726439,"高端, 萬劑, 施打",70,30.94347955927075,"考試院, 考試, 總處",158,30.365137717909853,"急難, 急難 紓困, 急難 救助",21,29.728830080522844,"總統府, 秘書長 秘書長, 發言人",15,27.686884121191287,"雇主, 職災, 移工"
呂玉玲,國民黨,162,4,32.675843491050365,"退輔會, 教召, 軍人",0,25.11013856813003,"豬肉, 萊克多巴胺, 標示",6,22.544656191506427,"農民, 農會, 肥料",95,19.63587581677196,"cptpp, 談判, 核食",122,19.36348309078484,"動物, 寵物, 動保法"
陳雪生,國民黨,109,105,22.407282576396263,"登山, 馬祖, 潮州",44,19.322138682930603,"ncc, 鏡電視, 頻道",92,15.284454410515991,"社區治療, 公共衛生, 治療",30,14.571001176818667,"法官, 司法院, 國民法官",5,14.184658323479352,"捷運, 高鐵, 公路"
林俊憲,民進黨,128,27,46.124185646294144,"駕駛, 機車, 行人",7,36.40075002664747,"央行, 國發基金, 主權基金",62,33.822486101291915,"機場, 民航局, 旅客",78,31.384002374352946,"振興, 振興券, 抵用券",161,30.400086590904248,"警械, 槍枝, 改造"
沈發惠,民進黨,158,17,29.355835955587885,"稅收, 稅率, 還稅於民",87,27.199427950610165,"總裁, 央行, 升息",7,25.42202415116866,"央行, 國發基金, 主權基金",157,25.22294706483326,"電動車, 電動, 電池",56,22.439782167119283,"客戶, 理專, 行庫"
陳超明,國民黨,125,8,32.016383102742,"用水, 水庫, 自來水",69,22.39694276063964,"旅館, 防疫 旅館, 機師",58,18.119366968260422,"農民, 老農, 農保",24,18.013351940239065,"農田水利, 水利會, 台糖",11,17.895365267735883,"體育署, 選手, 體育"
許淑華,國民黨,73,13,20.728463840025928,"臺鐵, 鐵道局, 高鐵",78,20.062448769468872,"振興, 振興券, 抵用券",127,18.98751935105565,"5g, 4g, 基地",62,18.08529656261216,"機場, 民航局, 旅客",73,18.004046248930354,"觀光局, 旅遊, 旅客"
林思銘,民眾黨,175,30,24.221849277130342,"法官, 司法院, 國民法官",76,20.177865209320764,"法官, 司法院, 出境",39,18.684137902143064,"軍公教, 調薪, 退休金",9,18.29600994163533,"投票, 中選會, 不在籍",5,17.34764434525863,"捷運, 高鐵, 公路"
羅美玲,國民黨,166,9,30.156274173749523,"投票, 中選會, 不在籍",10,26.699905078213543,"消防, 消防設備, 消防署",41,25.51852391885765,"感染, 指揮中心, 檢疫",168,20.63204890531523,"紅色 供應鏈, 供應鏈, 紅色",143,20.563753483341053,"修憲, 公民權, 修憲 門檻"
陳瑩,民進黨,128,35,49.36934409910992,"原民會, 部落, 原住民 健康",24,32.521993830093024,"農田水利, 水利會, 台糖",16,27.832554410459636,"醫師, 護理, 物理治療師",168,26.28449975952873,"紅色 供應鏈, 供應鏈, 紅色",2,23.979299178207548,"高端, 萬劑, 施打"
張其祿,民眾黨,193,87,48.56592993969211,"總裁, 央行, 升息",12,47.068409101963006,"社會住宅, 房東, 租屋",17,46.44554168258003,"稅收, 稅率, 還稅於民",43,44.50407609263069,"校長, 學院, 校務",33,44.06405623874077,"凍結 凍結, 減列, 減列 凍結"
吳斯懷,國民黨,136,4,69.2346823185982,"退輔會, 教召, 軍人",159,33.38276978136517,"自殺, 兒童, 早療",68,27.122799553691348,"獵槍, 原民會, 保留地",31,25.428259508316927,"國軍, 中科院, 國防",45,24.030953087762256,"軍事, 戰爭, 國防"
林楚茵,民進黨,164,7,36.05608267259872,"央行, 國發基金, 主權基金",17,34.280070853257484,"稅收, 稅率, 還稅於民",83,32.57739691532511,"pcr, 健身房, 試劑",87,27.362917590945987,"總裁, 央行, 升息",23,26.895660894543788,"數位發展部, 議價, 數發部"
陳歐珀,民進黨,128,5,53.17109704125098,"捷運, 高鐵, 公路",62,36.16316424237911,"機場, 民航局, 旅客",30,35.29332521710657,"法官, 司法院, 國民法官",78,29.93792073254498,"振興, 振興券, 抵用券",34,17.47102121718299,"大法官, 國民法官, 司法院"
李貴敏,國民黨,180,17,36.70471704473197,"稅收, 稅率, 還稅於民",154,35.04481204179624,"虛擬, 貨幣, p2p",7,31.58648560394271,"央行, 國發基金, 主權基金",28,30.854741058594158,"特別預算, 總預算, 預算法",87,30.658780528403963,"總裁, 央行, 升息"
吳琪銘,民進黨,144,9,30.888128985701176,"投票, 中選會, 不在籍",10,28.442052300239617,"消防, 消防設備, 消防署",41,23.881718248497343,"感染, 指揮中心, 檢疫",33,20.27629638874192,"凍結 凍結, 減列, 減列 凍結",94,17.226807777174784,"客家, 客委會, 客語"
陳素月,民進黨,116,161,33.35652831668944,"警械, 槍枝, 改造",78,32.74190332635795,"振興, 振興券, 抵用券",27,32.307798581285944,"駕駛, 機車, 行人",13,32.01828597386138,"臺鐵, 鐵道局, 高鐵",7,31.77712149379625,"央行, 國發基金, 主權基金"
吳怡玎,國民黨,166,38,26.0317325387876,"原能會, 核能, 核廢料",1,21.537811843525187,"氣候變遷, 環保署, 減碳",0,20.834730460669174,"豬肉, 萊克多巴胺, 標示",33,20.36898588055404,"凍結 凍結, 減列, 減列 凍結",20,19.42986645475843,"施打, 接種, 施打 疫苗"
何欣純,民進黨,168,23,18.75113040482482,"數位發展部, 議價, 數發部",7,17.362428450759392,"央行, 國發基金, 主權基金",5,16.242824606020015,"捷運, 高鐵, 公路",46,16.000441311256598,"運安會, 事故, 臺鐵",8,15.354084837696432,"用水, 水庫, 自來水"
廖國棟,國民黨,125,24,52.050014270940366,"農田水利, 水利會, 台糖",35,36.72138841837245,"原民會, 部落, 原住民 健康",68,36.04424469819919,"獵槍, 原民會, 保留地",168,34.699578343227586,"紅色 供應鏈, 供應鏈, 紅色",158,16.989879395530817,"急難, 急難 紓困, 急難 救助"
蘇震清,民進黨,96,6,37.35448245655368,"農民, 農會, 肥料",71,24.95884908901679,"法官, 審判, 國民法官",105,22.23804867543283,"登山, 馬祖, 潮州",152,15.311931819766473,"公共工程, 流標, 發包",92,14.325908096472215,"社區治療, 公共衛生, 治療"
邱志偉,民進黨,178,3,31.56290619616927,"兩岸, 習近平, 陸委會",95,26.730741604480848,"cptpp, 談判, 核食",78,25.958814606521173,"振興, 振興券, 抵用券",32,23.93156336684072,"停電, 台電, 電網",6,21.644092241774555,"農民, 農會, 肥料"
黃國書,民進黨,146,14,38.09238196168701,"故宮, 博物館, 文物",11,35.34346059275088,"體育署, 選手, 體育",51,27.3402103358474,"停課, 家長, 冷氣",32,26.818669162306165,"停電, 台電, 電網",36,24.971219354817883,"監察委員, 人權委員會, 考試院"
徐志榮,國民黨,123,2,33.08038836364042,"高端, 萬劑, 施打",0,23.796883115268145,"豬肉, 萊克多巴胺, 標示",21,20.336851629354022,"總統府, 秘書長 秘書長, 發言人",15,19.03086745197705,"雇主, 職災, 移工",158,17.39406833269102,"急難, 急難 紓困, 急難 救助"
莊競程,民進黨,139,2,31.061045324446745,"高端, 萬劑, 施打",16,20.80721638002797,"醫師, 護理, 物理治療師",15,20.769064875067272,"雇主, 職災, 移工",51,20.258556591791155,"停課, 家長, 冷氣",1,18.10386160269709,"氣候變遷, 環保署, 減碳"
謝衣鳯,國民黨,157,6,40.153347384651696,"農民, 農會, 肥料",0,35.57203701664533,"豬肉, 萊克多巴胺, 標示",1,26.20548800700851,"氣候變遷, 環保署, 減碳",23,22.39392690165384,"數位發展部, 議價, 數發部",24,22.01710442953172,"農田水利, 水利會, 台糖"
陳以信,國民黨,167,4,56.31431108836707,"退輔會, 教召, 軍人",47,42.55896763554487,"拜登, 川普, 兩岸",124,34.8154725751231,"黨產會, 政治獻金, 行政中立",159,27.990612172662285,"自殺, 兒童, 早療",0,27.712608235850198,"豬肉, 萊克多巴胺, 標示"
李昆澤,民進黨,99,13,60.00950452151245,"臺鐵, 鐵道局, 高鐵",78,51.23333267305467,"振興, 振興券, 抵用券",161,37.48602030868464,"警械, 槍枝, 改造",7,35.38179573520207,"央行, 國發基金, 主權基金",27,32.01398103250216,"駕駛, 機車, 行人"
林宜瑾,民進黨,134,19,41.72483970855178,"教師, 私校, 私立學校",14,41.36845150930273,"故宮, 博物館, 文物",11,33.019121032441554,"體育署, 選手, 體育",32,29.03349630480686,"停電, 台電, 電網",50,28.685759357624104,"課綱, 學習歷程檔案, 學習歷程"
費鴻泰,國民黨,144,17,38.04279797941649,"稅收, 稅率, 還稅於民",87,30.96961090328434,"總裁, 央行, 升息",56,22.72256684627484,"客戶, 理專, 行庫",83,21.32169230066588,"pcr, 健身房, 試劑",53,20.211248660473835,"股市, 國安基金, 升息"
林岱樺,民進黨,109,48,24.22133508815056,"再生能源, 能源, 發電",6,20.869858983909356,"農民, 農會, 肥料",3,18.334220734631103,"兩岸, 習近平, 陸委會",152,17.26242130701487,"公共工程, 流標, 發包",122,16.515317617552668,"動物, 寵物, 動保法"
何志偉,民進黨,158,4,42.80490550230385,"退輔會, 教召, 軍人",31,35.74738298610151,"國軍, 中科院, 國防",68,24.951474544980677,"獵槍, 原民會, 保留地",159,20.845655022639463,"自殺, 兒童, 早療",3,20.0924288251408,"兩岸, 習近平, 陸委會"
王美惠,民進黨,157,9,33.90112473159407,"投票, 中選會, 不在籍",33,25.53012040556173,"凍結 凍結, 減列, 減列 凍結",12,25.392870524296907,"社會住宅, 房東, 租屋",10,25.34362424025841,"消防, 消防設備, 消防署",143,21.51977028838856,"修憲, 公民權, 修憲 門檻"
林昶佐,時代力量,139,4,52.67805129221583,"退輔會, 教召, 軍人",3,40.00204797598055,"兩岸, 習近平, 陸委會",159,24.654686305642397,"自殺, 兒童, 早療",59,21.760509365177786,"wha, 宏都拉斯, 巴拉圭",31,21.702321980431627,"國軍, 中科院, 國防"
陳玉珍,國民黨,168,2,23.932551963423773,"高端, 萬劑, 施打",41,21.85940136819205,"感染, 指揮中心, 檢疫",21,19.773801760679117,"總統府, 秘書長 秘書長, 發言人",10,18.790076450692776,"消防, 消防設備, 消防署",34,17.037926299123082,"大法官, 國民法官, 司法院"
傅崐萁,國民黨,106,13,15.551091247737157,"臺鐵, 鐵道局, 高鐵",106,15.271744414382752,"蘇貞昌 蘇貞昌, 旁聽, 除罪化",78,15.0018220460376,"振興, 振興券, 抵用券",107,14.033427272925634,"地震, 災害, 防災",101,12.025142693713365,"公司化, 臺鐵, 工會"
許智傑,民進黨,132,5,25.74395399308561,"捷運, 高鐵, 公路",73,23.373014036791098,"觀光局, 旅遊, 旅客",30,21.84258346968547,"法官, 司法院, 國民法官",127,21.687318447295443,"5g, 4g, 基地",44,21.379912399602347,"ncc, 鏡電視, 頻道"
湯蕙禎,民進黨,168,9,30.439476441749377,"投票, 中選會, 不在籍",41,28.867568121374106,"感染, 指揮中心, 檢疫",4,27.37266818748646,"退輔會, 教召, 軍人",1,24.20588502360871,"氣候變遷, 環保署, 減碳",10,23.23744418936144,"消防, 消防設備, 消防署"
楊曜,民進黨,103,16,38.121731244663415,"醫師, 護理, 物理治療師",2,29.690370291393908,"高端, 萬劑, 施打",18,22.045592524418534,"廢棄物, 環保署, 垃圾",144,20.04044090540649,"檢疫, 澎湖, 居家 檢疫",15,18.145961507206486,"雇主, 職災, 移工"
黃秀芳,民進黨,123,18,34.00023958697206,"廢棄物, 環保署, 垃圾",2,26.28805239199996,"高端, 萬劑, 施打",53,21.838178189098013,"股市, 國安基金, 升息",67,18.31600028776248,"移工, 印尼, 看護",158,17.257814713256188,"急難, 急難 紓困, 急難 救助"
陳明文,民進黨,148,81,30.746152147975817,"國土, 國土計畫法, 徵收",6,29.5443584186659,"農民, 農會, 肥料",88,23.41825141123914,"鳳梨, 外銷, 農產品",11,22.24443782416003,"體育署, 選手, 體育",24,20.031462529918,"農田水利, 水利會, 台糖"
邱顯智,時代力量,198,12,67.11039845655606,"社會住宅, 房東, 租屋",27,64.95419017026745,"駕駛, 機車, 行人",7,56.94720864160513,"央行, 國發基金, 主權基金",33,48.23581344172602,"凍結 凍結, 減列, 減列 凍結",30,45.45122933751431,"法官, 司法院, 國民法官"
溫玉霞,民進黨,153,4,59.6243484403303,"退輔會, 教召, 軍人",3,34.05768032196912,"兩岸, 習近平, 陸委會",47,29.122482625812733,"拜登, 川普, 兩岸",31,28.60232367706195,"國軍, 中科院, 國防",26,27.949385166905792,"中科院, 飛彈, 國防"
趙天麟,民進黨,124,3,55.45151057980337,"兩岸, 習近平, 陸委會",4,53.95957510819559,"退輔會, 教召, 軍人",31,28.282676648200184,"國軍, 中科院, 國防",26,25.236920896272014,"中科院, 飛彈, 國防",68,22.17677838894568,"獵槍, 原民會, 保留地"
林文瑞,國民黨,120,9,31.604192131418767,"投票, 中選會, 不在籍",24,21.94462392409089,"農田水利, 水利會, 台糖",143,16.930567733272742,"修憲, 公民權, 修憲 門檻",64,16.069273114328784,"海洋, 海委會, 保育",68,14.805429759996969,"獵槍, 原民會, 保留地"
蔡適應,民進黨,127,4,61.93373138962387,"退輔會, 教召, 軍人",31,39.91121277161166,"國軍, 中科院, 國防",68,30.60577276662372,"獵槍, 原民會, 保留地",159,30.108499821193316,"自殺, 兒童, 早療",26,26.14981208252106,"中科院, 飛彈, 國防"
羅致政,民進黨,145,31,40.46115464232861,"國軍, 中科院, 國防",4,39.4290815738856,"退輔會, 教召, 軍人",68,26.367159703346196,"獵槍, 原民會, 保留地",159,20.11482913116079,"自殺, 兒童, 早療",3,20.00001691735168,"兩岸, 習近平, 陸委會"
羅明才,國民黨,126,17,44.72485572256851,"稅收, 稅率, 還稅於民",7,44.27856434552321,"央行, 國發基金, 主權基金",53,40.1140761064808,"股市, 國安基金, 升息",83,35.291592307512424,"pcr, 健身房, 試劑",128,30.31308265657017,"老人, 高齡, 住宿"
洪申翰,民進黨,142,1,62.028586269327214,"氣候變遷, 環保署, 減碳",38,54.05411257171598,"原能會, 核能, 核廢料",18,33.462734363532434,"廢棄物, 環保署, 垃圾",15,30.26142304077412,"雇主, 職災, 移工",153,24.522750031347364,"漁電共生, 養殖, 光電"
高金素梅,國民黨,114,103,84.10019270300693,"原住民 學校, 原民會, 原住民族學校法",24,67.45524238008738,"農田水利, 水利會, 台糖",129,60.48759811784089,"股東會, 股東, 日盛",35,54.003926902934055,"原民會, 部落, 原住民 健康",168,34.87309840058552,"紅色 供應鏈, 供應鏈, 紅色"
吳秉叡,民進黨,114,17,49.85570022540463,"稅收, 稅率, 還稅於民",7,40.71213715181686,"央行, 國發基金, 主權基金",87,36.29638173240557,"總裁, 央行, 升息",83,26.706208574228054,"pcr, 健身房, 試劑",129,26.002046620619723,"股東會, 股東, 日盛"
王定宇,民進黨,129,4,49.52387869845661,"退輔會, 教召, 軍人",31,45.05980338202892,"國軍, 中科院, 國防",3,32.614873255686646,"兩岸, 習近平, 陸委會",45,28.05364173236789,"軍事, 戰爭, 國防",68,26.60430915098985,"獵槍, 原民會, 保留地"
鍾佳濱,民進黨,191,6,51.59447437995057,"農民, 農會, 肥料",7,45.30729653490243,"央行, 國發基金, 主權基金",17,39.494696164067605,"稅收, 稅率, 還稅於民",36,33.05221126507477,"監察委員, 人權委員會, 考試院",71,29.98166420993153,"法官, 審判, 國民法官"
鄭運鵬,民進黨,164,36,29.483495774836555,"監察委員, 人權委員會, 考試院",34,22.94400409794012,"大法官, 國民法官, 司法院",6,21.78576093088125,"農民, 農會, 肥料",140,20.819025877607046,"毒品, 調查局, 證物",114,18.739638502125228,"檢察官, 起訴, 書記官"
管碧玲,民進黨,153,9,32.86534210342346,"投票, 中選會, 不在籍",68,25.805025765460528,"獵槍, 原民會, 保留地",143,22.836447685498317,"修憲, 公民權, 修憲 門檻",168,19.3350398748271,"紅色 供應鏈, 供應鏈, 紅色",14,17.779440513782895,"故宮, 博物館, 文物"
柯建銘,民進黨,72,25,40.0000004048171,"黨產會, 表決, 不當黨產",93,38.08096138051337,"總預算, 表決, 開議",13,27.729469759491916,"臺鐵, 鐵道局, 高鐵",179,27.049763396741355,"駭客, 攻擊, 簡訊",143,15.267499502827292,"修憲, 公民權, 修憲 門檻"
蘇巧慧,民進黨,136,2,41.3489858145602,"高端, 萬劑, 施打",1,34.109639775402925,"氣候變遷, 環保署, 減碳",15,27.447620699576134,"雇主, 職災, 移工",38,25.069176428695005,"原能會, 核能, 核廢料",16,23.23791720139826,"醫師, 護理, 物理治療師"
邱議瑩,民進黨,135,6,28.457265787591588,"農民, 農會, 肥料",58,28.16468174313533,"農民, 老農, 農保",8,24.014264070544154,"用水, 水庫, 自來水",0,19.18327984939122,"豬肉, 萊克多巴胺, 標示",191,18.38708059965543,"僑委會, 僑界, 僑民"
吳思瑤,民進黨,144,42,38.56718813118048,"國科會, 科技部, 公報 公報",19,38.35805094145388,"教師, 私校, 私立學校",11,32.11199309677928,"體育署, 選手, 體育",14,32.08637679469217,"故宮, 博物館, 文物",43,28.153864145269484,"校長, 學院, 校務"
陳秀寳,民進黨,131,29,34.949786420203885,"藝文, 漫畫, 藝術",14,34.21146925549829,"故宮, 博物館, 文物",11,34.15499036777548,"體育署, 選手, 體育",42,32.534509003223015,"國科會, 科技部, 公報 公報",38,29.3742609595675,"原能會, 核能, 核廢料"
周春米,民進黨,113,71,28.34479359768323,"法官, 審判, 國民法官",36,24.710755745381054,"監察委員, 人權委員會, 考試院",34,21.600024672165933,"大法官, 國民法官, 司法院",76,18.550878600835997,"法官, 司法院, 出境",39,17.166819895954493,"軍公教, 調薪, 退休金"
賴瑞隆,民進黨,154,6,37.84843924822695,"農民, 農會, 肥料",0,24.923259830561783,"豬肉, 萊克多巴胺, 標示",60,23.198393563060048,"景氣, 成長率, 主計長",95,22.649981377202685,"cptpp, 談判, 核食",32,22.15742487711194,"停電, 台電, 電網"
劉櫂豪,民進黨,104,13,42.04774815007157,"臺鐵, 鐵道局, 高鐵",5,40.23816939578914,"捷運, 高鐵, 公路",78,35.49593468432214,"振興, 振興券, 抵用券",30,30.788288498847177,"法官, 司法院, 國民法官",175,19.97957710034484,"露營, 觀光局, 旅遊"
張廖萬堅,民進黨,133,11,34.12379396252805,"體育署, 選手, 體育",19,32.608866850894344,"教師, 私校, 私立學校",14,28.164954402985995,"故宮, 博物館, 文物",29,26.236749116648447,"藝文, 漫畫, 藝術",177,25.804430247684387,"調解, 公共工程, 政府採購法"
蘇治芬,民進黨,121,6,54.23241572807631,"農民, 農會, 肥料",24,48.13946304810704,"農田水利, 水利會, 台糖",71,37.221526081018695,"法官, 審判, 國民法官",11,36.438749498237264,"體育署, 選手, 體育",1,36.050140124400585,"氣候變遷, 環保署, 減碳"
余天,民進黨,37,56,8.118022235798463,"客戶, 理專, 行庫",181,4.651610406561947,"自治, 臺中市, 無效",7,4.000002692238229,"央行, 國發基金, 主權基金",87,3.239371778328624,"總裁, 央行, 升息",17,3.1471023506128795,"稅收, 稅率, 還稅於民"
林靜儀,民進黨,111,4,30.474599434977502,"退輔會, 教召, 軍人",159,18.92592395035833,"自殺, 兒童, 早療",31,17.438275574876172,"國軍, 中科院, 國防",52,16.772634579954445,"俄羅斯, 烏克蘭, 制裁",68,15.370222964677636,"獵槍, 原民會, 保留地"
吳欣盈,民眾黨,80,1,16.001427719911536,"氣候變遷, 環保署, 減碳",38,10.80433831079709,"原能會, 核能, 核廢料",72,10.037679059047534,"再生醫療, 癌症, 製劑",7,10.000564351006876,"央行, 國發基金, 主權基金",128,7.188040537252096,"老人, 高齡, 住宿"
王鴻薇,國民黨,98,77,11.377836993467035,"詐騙, 數發部, 資外",89,10.799062737587684,"檢察官, 調查局, 犯罪",21,9.27862566551719,"總統府, 秘書長 秘書長, 發言人",114,8.796078530886343,"檢察官, 起訴, 書記官",70,8.21253165277368,"考試院, 考試, 總處"
陳靜敏,民進黨,58,16,20.04010128157073,"醫師, 護理, 物理治療師",2,12.12180105539299,"高端, 萬劑, 施打",14,11.100866307112796,"故宮, 博物館, 文物",19,10.48055961781928,"教師, 私校, 私立學校",43,10.07637557518112,"校長, 學院, 校務"
陳培瑜,民進黨,88,19,24.18783595103232,"教師, 私校, 私立學校",80,20.33495022957723,"特教, 家長, 幼兒園",28,16.85657020504538,"特別預算, 總預算, 預算法",177,14.09561572846419,"調解, 公共工程, 政府採購法",50,14.007928643095832,"課綱, 學習歷程檔案, 學習歷程"
蔡培慧,民進黨,55,5,12.001991301714307,"捷運, 高鐵, 公路",112,8.197119446127015,"霸凌, 幼兒園, 不當對待",16,8.003756019745792,"醫師, 護理, 物理治療師",80,8.00000478374335,"特教, 家長, 幼兒園",30,6.936196389422999,"法官, 司法院, 國民法官"
陳琬惠,民進黨,101,70,11.65629116713143,"考試院, 考試, 總處",5,8.961960380521372,"捷運, 高鐵, 公路",186,8.058240067675213,"柬埔寨, 販運, 詐騙",48,8.024658066485857,"再生能源, 能源, 發電",3,6.697328319521942,"兩岸, 習近平, 陸委會"
鄭天財,國民黨,49,68,18.000460542063077,"獵槍, 原民會, 保留地",168,12.287522081950012,"紅色 供應鏈, 供應鏈, 紅色",24,9.196563042380088,"農田水利, 水利會, 台糖",33,8.000397133196945,"凍結 凍結, 減列, 減列 凍結",35,6.030376143984304,"原民會, 部落, 原住民 健康"
伍麗華,民進黨,30,68,10.094344687260604,"獵槍, 原民會, 保留地",168,8.251601437560835,"紅色 供應鏈, 供應鏈, 紅色",24,6.350073756580439,"農田水利, 水利會, 台糖",35,4.61571419577068,"原民會, 部落, 原住民 健康",33,3.31212658674934,"凍結 凍結, 減列, 減列 凍結"
趙正宇,民進黨,93,13,42.12623061419573,"臺鐵, 鐵道局, 高鐵",78,33.80560972870435,"振興, 振興券, 抵用券",27,30.00478334912524,"駕駛, 機車, 行人",7,26.322380541896,"央行, 國發基金, 主權基金",161,24.48433341599748,"警械, 槍枝, 改造"
